/*
SQLyog Ultimate v11.33 (64 bit)
MySQL - 5.1.49-community : Database - db_jxc2
*********************************************************************
*/

/*!40101 SET NAMES utf8 */;

/*!40101 SET SQL_MODE=''*/;

/*!40014 SET @OLD_UNIQUE_CHECKS=@@UNIQUE_CHECKS, UNIQUE_CHECKS=0 */;
/*!40014 SET @OLD_FOREIGN_KEY_CHECKS=@@FOREIGN_KEY_CHECKS, FOREIGN_KEY_CHECKS=0 */;
/*!40101 SET @OLD_SQL_MODE=@@SQL_MODE, SQL_MODE='NO_AUTO_VALUE_ON_ZERO' */;
/*!40111 SET @OLD_SQL_NOTES=@@SQL_NOTES, SQL_NOTES=0 */;
CREATE DATABASE /*!32312 IF NOT EXISTS*/`db_jxc2` /*!40100 DEFAULT CHARACTER SET utf8 */;

USE `db_jxc2`;

/*Table structure for table `t_customer` */

DROP TABLE IF EXISTS `t_customer`;

CREATE TABLE `t_customer` (
  `id` int(11) NOT NULL AUTO_INCREMENT,
  `address` varchar(300) DEFAULT NULL,
  `contact` varchar(50) DEFAULT NULL,
  `name` varchar(200) DEFAULT NULL,
  `number` varchar(50) DEFAULT NULL,
  `remarks` varchar(1000) DEFAULT NULL,
  PRIMARY KEY (`id`)
) ENGINE=InnoDB AUTO_INCREMENT=5 DEFAULT CHARSET=utf8;

/*Data for the table `t_customer` */

insert  into `t_customer`(`id`,`address`,`contact`,`name`,`number`,`remarks`) values (1,'福州新弯曲5号','小李子','福州艾玛超市','2132-23213421',''),(2,'天津兴达大街888号','小张','天津王大连锁酒店','23432222311','优质客户'),(3,'大凉山妥洛村','小爱','大凉山希望小学','233243211','照顾客户2'),(4,'南通通州新金路888号','王二小','南通通州综艺集团','1832132321','');

/*Table structure for table `t_customer_return_list` */

DROP TABLE IF EXISTS `t_customer_return_list`;

CREATE TABLE `t_customer_return_list` (
  `id` int(11) NOT NULL AUTO_INCREMENT,
  `amount_paid` float NOT NULL,
  `amount_payable` float NOT NULL,
  `customer_return_date` datetime DEFAULT NULL,
  `customer_return_number` varchar(100) DEFAULT NULL,
  `remarks` varchar(1000) DEFAULT NULL,
  `state` int(11) DEFAULT NULL,
  `customer_id` int(11) DEFAULT NULL,
  `user_id` int(11) DEFAULT NULL,
  PRIMARY KEY (`id`),
  KEY `FKl0ahdwa8slkocbfe57opembfx` (`customer_id`),
  KEY `FKd55ju83f0ntixagdvdrsmw10c` (`user_id`),
  CONSTRAINT `FKd55ju83f0ntixagdvdrsmw10c` FOREIGN KEY (`user_id`) REFERENCES `t_user` (`id`),
  CONSTRAINT `FKl0ahdwa8slkocbfe57opembfx` FOREIGN KEY (`customer_id`) REFERENCES `t_customer` (`id`)
) ENGINE=InnoDB AUTO_INCREMENT=6 DEFAULT CHARSET=utf8;

/*Data for the table `t_customer_return_list` */

insert  into `t_customer_return_list`(`id`,`amount_paid`,`amount_payable`,`customer_return_date`,`customer_return_number`,`remarks`,`state`,`customer_id`,`user_id`) values (3,25,25,'2017-12-11 00:00:00','XT201712110003','cc',1,1,1),(4,13,13,'2017-12-12 00:00:00','XT201712120001','xx',1,1,1),(5,26,26,'2017-12-12 00:00:00','XT201712120002','cc',1,1,1);

/*Table structure for table `t_customer_return_list_goods` */

DROP TABLE IF EXISTS `t_customer_return_list_goods`;

CREATE TABLE `t_customer_return_list_goods` (
  `id` int(11) NOT NULL AUTO_INCREMENT,
  `code` varchar(50) DEFAULT NULL,
  `goods_id` int(11) DEFAULT NULL,
  `model` varchar(50) DEFAULT NULL,
  `name` varchar(50) DEFAULT NULL,
  `num` int(11) NOT NULL,
  `price` float NOT NULL,
  `total` float NOT NULL,
  `unit` varchar(10) DEFAULT NULL,
  `customer_return_list_id` int(11) DEFAULT NULL,
  `type_id` int(11) DEFAULT NULL,
  PRIMARY KEY (`id`),
  KEY `FKtqt67mbn96lxn8hvtl4piblhi` (`customer_return_list_id`),
  KEY `FK4sm5si4swbj3gae46jfk441yx` (`type_id`),
  CONSTRAINT `FK4sm5si4swbj3gae46jfk441yx` FOREIGN KEY (`type_id`) REFERENCES `t_goodstype` (`id`),
  CONSTRAINT `FKtqt67mbn96lxn8hvtl4piblhi` FOREIGN KEY (`customer_return_list_id`) REFERENCES `t_customer_return_list` (`id`)
) ENGINE=InnoDB AUTO_INCREMENT=8 DEFAULT CHARSET=utf8;

/*Data for the table `t_customer_return_list_goods` */

insert  into `t_customer_return_list_goods`(`id`,`code`,`goods_id`,`model`,`name`,`num`,`price`,`total`,`unit`,`customer_return_list_id`,`type_id`) values (5,'0004',12,'2斤装','新疆红枣',1,25,25,'袋',3,10),(6,'0006',14,'300g装','冰糖金桔干',1,13,13,'盒',4,11),(7,'0006',14,'300g装','冰糖金桔干',2,13,26,'盒',5,11);

/*Table structure for table `t_damage_list` */

DROP TABLE IF EXISTS `t_damage_list`;

CREATE TABLE `t_damage_list` (
  `id` int(11) NOT NULL AUTO_INCREMENT,
  `damage_date` datetime DEFAULT NULL,
  `damage_number` varchar(100) DEFAULT NULL,
  `remarks` varchar(1000) DEFAULT NULL,
  `user_id` int(11) DEFAULT NULL,
  PRIMARY KEY (`id`),
  KEY `FKpn094ma69sch1icjc2gu7xus` (`user_id`),
  CONSTRAINT `FKpn094ma69sch1icjc2gu7xus` FOREIGN KEY (`user_id`) REFERENCES `t_user` (`id`)
) ENGINE=InnoDB AUTO_INCREMENT=3 DEFAULT CHARSET=utf8;

/*Data for the table `t_damage_list` */

insert  into `t_damage_list`(`id`,`damage_date`,`damage_number`,`remarks`,`user_id`) values (1,'2017-12-13 00:00:00','BS201712130001','cc',1),(2,'2017-12-13 00:00:00','BS201712130002','xx',1);

/*Table structure for table `t_damage_list_goods` */

DROP TABLE IF EXISTS `t_damage_list_goods`;

CREATE TABLE `t_damage_list_goods` (
  `id` int(11) NOT NULL AUTO_INCREMENT,
  `code` varchar(50) DEFAULT NULL,
  `goods_id` int(11) DEFAULT NULL,
  `model` varchar(50) DEFAULT NULL,
  `name` varchar(50) DEFAULT NULL,
  `num` int(11) NOT NULL,
  `price` float NOT NULL,
  `total` float NOT NULL,
  `unit` varchar(10) DEFAULT NULL,
  `damage_list_id` int(11) DEFAULT NULL,
  `type_id` int(11) DEFAULT NULL,
  PRIMARY KEY (`id`),
  KEY `FKbf5m8mm3gctrnuubr9xkjamj8` (`damage_list_id`),
  KEY `FKdbdfmp09hlf2raktincwroe9n` (`type_id`),
  CONSTRAINT `FKbf5m8mm3gctrnuubr9xkjamj8` FOREIGN KEY (`damage_list_id`) REFERENCES `t_damage_list` (`id`),
  CONSTRAINT `FKdbdfmp09hlf2raktincwroe9n` FOREIGN KEY (`type_id`) REFERENCES `t_goodstype` (`id`)
) ENGINE=InnoDB AUTO_INCREMENT=4 DEFAULT CHARSET=utf8;

/*Data for the table `t_damage_list_goods` */

insert  into `t_damage_list_goods`(`id`,`code`,`goods_id`,`model`,`name`,`num`,`price`,`total`,`unit`,`damage_list_id`,`type_id`) values (1,'0003',11,'500g装','野生东北黑木耳',1,22,22,'袋',1,11),(2,'0006',14,'300g装','冰糖金桔干',2,4,8,'盒',1,11),(3,'0003',11,'500g装','野生东北黑木耳',2,22,44,'袋',2,11);

/*Table structure for table `t_goods` */

DROP TABLE IF EXISTS `t_goods`;

CREATE TABLE `t_goods` (
  `id` int(11) NOT NULL AUTO_INCREMENT,
  `code` varchar(50) DEFAULT NULL,
  `inventory_quantity` int(11) NOT NULL,
  `last_purchasing_price` float NOT NULL,
  `min_num` int(11) NOT NULL,
  `model` varchar(50) DEFAULT NULL,
  `name` varchar(50) DEFAULT NULL,
  `producer` varchar(200) DEFAULT NULL,
  `purchasing_price` float NOT NULL,
  `remarks` varchar(1000) DEFAULT NULL,
  `selling_price` float NOT NULL,
  `state` int(11) NOT NULL,
  `unit` varchar(10) DEFAULT NULL,
  `type_id` int(11) DEFAULT NULL,
  PRIMARY KEY (`id`),
  KEY `FKlxnna5ngumghp4f279mmbjtyo` (`type_id`),
  CONSTRAINT `FKlxnna5ngumghp4f279mmbjtyo` FOREIGN KEY (`type_id`) REFERENCES `t_goodstype` (`id`)
) ENGINE=InnoDB AUTO_INCREMENT=45 DEFAULT CHARSET=utf8;

/*Data for the table `t_goods` */

insert  into `t_goods`(`id`,`code`,`inventory_quantity`,`last_purchasing_price`,`min_num`,`model`,`name`,`producer`,`purchasing_price`,`remarks`,`selling_price`,`state`,`unit`,`type_id`) values (1,'0001',171,8.5,1000,'红色装','陶华碧老干妈香辣脆油辣椒','贵州省贵阳南明老干妈风味食品有限公司',6.34,'好卖',8.5,2,'瓶',10),(2,'0002',140,2220,400,'Note8','华为荣耀Note8','华为计算机系统有限公司',1955.68,'热销',2200,2,'台',16),(11,'0003',2735,22,400,'500g装','野生东北黑木耳','辉南县博康土特产有限公司',23,'够黑2',38,2,'袋',11),(12,'0004',315,13,300,'2斤装','新疆红枣','沧州铭鑫食品有限公司',13,'好吃',25,2,'袋',10),(13,'0005',53,8,1000,'散装500克','麦片燕麦巧克力','福建省麦德好食品工业有限公司',8,'Goods',15,2,'袋',11),(14,'0006',17,4,1999,'300g装','冰糖金桔干','揭西县同心食品有限公司',4.95,'',13,2,'盒',11),(15,'0007',100650,4.5,400,'500g装','吉利人家牛肉味蛋糕','合肥吉利人家食品有限公司',4.5,'good',10,2,'袋',11),(16,'0008',197,2,500,'128g装','奕森奶油桃肉蜜饯果脯果干桃肉干休闲零食品','潮州市潮安区正大食品有限公司',2.99,'',10,2,'盒',11),(17,'0009',371,20,1000,'240g装','休闲零食坚果特产精品干果无漂白大个开心果','石家庄博群食品有限公司',20,'',33,2,'袋',11),(18,'0010',9,12,300,'250g装','劲仔小鱼干','湖南省华文食品有限公司',12,'',20,2,'袋',11),(19,'0011',12,3.2,300,'198g装','山楂条','临朐县七贤升利食品厂',3.2,'',10,2,'袋',11),(20,'0012',23,20,200,'500g装','大乌梅干','长春市鼎丰真食品有限责任公司',20,'',25,2,'袋',11),(21,'0013',400,3,100,'250g装','手工制作芝麻香酥麻通','桂林兰雨食品有限公司',3,'',8,2,'袋',11),(22,'0014',12,5,200,'250g装','美国青豆原味 蒜香','菲律宾',5,'',8,2,'袋',11),(24,'0015',47,8000,100,'X',' iPhone X','xx2',8000,'xxx2',9500,2,'台',16),(25,'0016',0,103,12,'X','21','32',103,'21',120,0,'盒',3),(26,'0017',-1,3000,100,'ILCE-A6000L','Sony/索尼 ILCE-A6000L WIFI微单数码相机高清单电','xxx',3000,'xxx',3650,2,'台',15),(27,'0018',-1,800,400,'IXUS 285 HS','Canon/佳能 IXUS 285 HS 数码相机 2020万像素高清拍摄','xx',800,'xxx',1299,2,'台',15),(28,'0019',0,60,300,'Q8','Golden Field/金河田 Q8电脑音响台式多媒体家用音箱低音炮重低音','xxxx',60,'',129,0,'台',17),(29,'0020',0,1000,50,'190WDPT','Haier/海尔冰箱BCD-190WDPT双门电冰箱大两门冷藏冷冻','cc',1000,'',1699,0,'台',14),(30,'0021',1000,721,320,'4A ','Xiaomi/小米 小米电视4A 32英寸 智能液晶平板电视机','cc',721,'',1199,0,'台',12),(31,'0022',0,400,40,'XQB55-36SP','TCL XQB55-36SP 5.5公斤全自动波轮迷你小型洗衣机家用单脱抗菌','cc',400,'',729,0,'台',13),(32,'0023',8,5,1000,'80g*2','台湾进口膨化零食品张君雅小妹妹日式串烧丸子80g*2','cc',4.25,'',15,2,'袋',9),(33,'0024',140,180,10,'A字裙','卓图女装立领针织格子印花拼接高腰A字裙2017秋冬新款碎花连衣裙','cc',172,'',298,2,'件',6),(34,'0025',0,189,10,'三件套秋','西服套装男三件套秋季新款商务修身职业正装男士西装新郎结婚礼服','cc',189,'',299,0,'件',7),(35,'0026',-1,60,10,'AFS JEEP','加绒加厚正品AFS JEEP/战地吉普男大码长裤植绒保暖男士牛仔裤子','c',60,'',89,2,'条',8),(44,'0029',0,0,31224,'32124','32124','31224',31224,'32124',32124,0,'个',4);

/*Table structure for table `t_goodstype` */

DROP TABLE IF EXISTS `t_goodstype`;

CREATE TABLE `t_goodstype` (
  `id` int(11) NOT NULL AUTO_INCREMENT,
  `icon` varchar(100) DEFAULT NULL,
  `name` varchar(50) DEFAULT NULL,
  `p_id` int(11) DEFAULT NULL,
  `state` int(11) DEFAULT NULL,
  PRIMARY KEY (`id`)
) ENGINE=InnoDB AUTO_INCREMENT=22 DEFAULT CHARSET=utf8;

/*Data for the table `t_goodstype` */

insert  into `t_goodstype`(`id`,`icon`,`name`,`p_id`,`state`) values (1,'icon-folderOpen','所有类别',-1,1),(2,'icon-folder','服饰',1,1),(3,'icon-folder','食品',1,1),(4,'icon-folder','家电',1,1),(5,'icon-folder','数码',1,1),(6,'icon-folder','连衣裙',2,0),(7,'icon-folder','男士西装',2,0),(8,'icon-folder','牛仔裤',2,0),(9,'icon-folder','进口食品',3,0),(10,'icon-folder','地方特产',3,0),(11,'icon-folder','休闲食品',3,0),(12,'icon-folder','电视机',4,0),(13,'icon-folder','洗衣机',4,0),(14,'icon-folder','冰箱',4,0),(15,'icon-folder','相机',5,0),(16,'icon-folder','手机',5,0),(17,'icon-folder','音箱',5,0),(21,'icon-folder','测试',1,0);

/*Table structure for table `t_goodsunit` */

DROP TABLE IF EXISTS `t_goodsunit`;

CREATE TABLE `t_goodsunit` (
  `id` int(11) NOT NULL AUTO_INCREMENT,
  `name` varchar(10) DEFAULT NULL,
  PRIMARY KEY (`id`)
) ENGINE=InnoDB AUTO_INCREMENT=16 DEFAULT CHARSET=utf8;

/*Data for the table `t_goodsunit` */

insert  into `t_goodsunit`(`id`,`name`) values (1,'个'),(2,'袋'),(3,'盒'),(4,'箱'),(5,'台'),(6,'包'),(11,'件'),(12,'条'),(15,'新');

/*Table structure for table `t_log` */

DROP TABLE IF EXISTS `t_log`;

CREATE TABLE `t_log` (
  `id` int(11) NOT NULL AUTO_INCREMENT,
  `content` varchar(1000) DEFAULT NULL,
  `time` datetime DEFAULT NULL,
  `type` varchar(100) DEFAULT NULL,
  `user_id` int(11) DEFAULT NULL,
  PRIMARY KEY (`id`),
  KEY `FKbvn5yabu3vqwvtjoh32i9r4ip` (`user_id`),
  CONSTRAINT `FKbvn5yabu3vqwvtjoh32i9r4ip` FOREIGN KEY (`user_id`) REFERENCES `t_user` (`id`)
) ENGINE=InnoDB AUTO_INCREMENT=2084 DEFAULT CHARSET=utf8;

/*Data for the table `t_log` */

insert  into `t_log`(`id`,`content`,`time`,`type`,`user_id`) values (1,'用户登录','2017-11-17 22:00:36','登录操作',1),(2,'查询用户信息','2017-11-17 22:00:54','查询操作',1),(3,'查询用户信息','2017-11-17 22:00:54','查询操作',1),(4,'查询用户信息','2017-11-17 22:01:37','查询操作',1),(5,'查询用户信息','2017-11-17 22:01:56','查询操作',1),(6,'查询用户信息','2017-11-17 22:01:56','查询操作',1),(7,'查询角色信息','2017-11-17 22:02:16','查询操作',1),(8,'查询角色信息','2017-11-17 22:02:16','查询操作',1),(9,'添加角色信息Role [id=null, name=213, remarks=321]','2017-11-17 22:02:30','添加操作',1),(10,'查询角色信息','2017-11-17 22:02:30','查询操作',1),(11,'修改角色信息Role [id=12, name=2132, remarks=32132]','2017-11-17 22:02:34','更新操作',1),(12,'查询角色信息','2017-11-17 22:02:34','查询操作',1),(13,'删除角色信息Role [id=12, name=2132, remarks=32132]','2017-11-17 22:02:37','删除操作',1),(14,'查询角色信息','2017-11-17 22:02:37','查询操作',1),(15,'添加用户信息User [id=null, userName=32, password=432, trueName=432, remarks=432, roles=null]','2017-11-17 22:02:59','添加操作',1),(16,'查询用户信息','2017-11-17 22:02:59','查询操作',1),(17,'删除用户信息User [id=10, userName=32, password=432, trueName=432, remarks=432, roles=null]','2017-11-17 22:03:02','删除操作',1),(18,'查询用户信息','2017-11-17 22:03:02','查询操作',1),(19,'用户登录','2017-11-17 22:03:47','登录操作',1),(20,'查询用户信息','2017-11-17 22:04:06','查询操作',1),(21,'用户登录','2017-11-18 19:12:03','登录操作',1),(22,'用户登录','2017-11-18 19:15:24','登录操作',1),(23,'用户登录','2017-11-18 22:25:18','登录操作',1),(24,'用户登录','2017-11-18 22:25:52','登录操作',1),(25,'用户登录','2017-11-18 22:27:30','登录操作',1),(26,'用户登录','2017-11-18 22:45:23','登录操作',1),(27,'用户登录','2017-11-19 19:16:24','登录操作',7),(28,'用户登录','2017-11-19 19:16:56','登录操作',1),(29,'用户登录','2017-11-19 19:20:12','登录操作',1),(30,'用户注销','2017-11-19 19:20:16','注销操作',1),(31,'用户登录','2017-11-19 19:21:52','登录操作',1),(32,'用户注销','2017-11-19 19:22:01','注销操作',1),(33,'用户登录','2017-11-19 19:25:51','登录操作',1),(34,'用户注销','2017-11-19 19:25:54','注销操作',1),(35,'用户登录','2017-11-19 19:26:11','登录操作',1),(36,'查询用户信息','2017-11-19 19:26:14','查询操作',1),(37,'查询用户信息','2017-11-19 19:26:14','查询操作',1),(38,'添加用户信息User [id=null, userName=212, password=21, trueName=21, remarks=21, roles=null]','2017-11-19 19:26:25','添加操作',1),(39,'查询用户信息','2017-11-19 19:26:25','查询操作',1),(40,'用户登录','2017-11-19 19:34:43','登录操作',1),(41,'修改密码','2017-11-19 19:34:48','更新操作',1),(42,'用户登录','2017-11-19 22:04:57','登录操作',1),(43,'修改密码','2017-11-19 22:05:31','更新操作',1),(44,'用户登录','2017-11-19 22:11:30','登录操作',1),(45,'用户注销','2017-11-19 22:11:35','注销操作',1),(46,'用户登录','2017-11-19 22:12:12','登录操作',1),(47,'用户注销','2017-11-19 22:12:14','注销操作',1),(48,'用户登录','2017-11-19 22:12:29','登录操作',1),(49,'查询用户信息','2017-11-19 22:12:31','查询操作',1),(50,'查询用户信息','2017-11-19 22:12:31','查询操作',1),(51,'添加用户信息User [id=null, userName=21321, password=321, trueName=321, remarks=321, roles=null]','2017-11-19 22:12:35','添加操作',1),(52,'查询用户信息','2017-11-19 22:12:35','查询操作',1),(53,'更新用户信息User [id=10, userName=21321, password=321, trueName=321, remarks=3213, roles=null]','2017-11-19 22:12:39','更新操作',1),(54,'查询用户信息','2017-11-19 22:12:39','查询操作',1),(55,'删除用户信息User [id=10, userName=21321, password=321, trueName=321, remarks=3213, roles=null]','2017-11-19 22:12:42','删除操作',1),(56,'查询用户信息','2017-11-19 22:12:42','查询操作',1),(57,'用户登录','2017-11-20 21:39:10','登录操作',1),(58,'查询供应商信息','2017-11-20 21:39:13','查询操作',1),(59,'查询供应商信息','2017-11-20 21:39:13','查询操作',1),(60,'查询供应商信息','2017-11-20 21:40:28','查询操作',1),(61,'查询供应商信息','2017-11-20 21:40:29','查询操作',1),(62,'查询供应商信息','2017-11-20 21:40:30','查询操作',1),(63,'添加供应商信息[id=null, name=2s s是, contact=fd2, number=32, address=432, remarks=213]','2017-11-20 21:40:45','添加操作',1),(64,'查询供应商信息','2017-11-20 21:40:45','查询操作',1),(65,'查询供应商信息','2017-11-20 21:40:46','查询操作',1),(66,'更新供应商信息[id=14, name=2s s是3, contact=fd2, number=32, address=432, remarks=2133]','2017-11-20 21:40:50','更新操作',1),(67,'查询供应商信息','2017-11-20 21:40:50','查询操作',1),(68,'查询角色信息','2017-11-20 21:41:01','查询操作',1),(69,'查询角色信息','2017-11-20 21:41:01','查询操作',1),(70,'查询用户信息','2017-11-20 21:41:03','查询操作',1),(71,'查询用户信息','2017-11-20 21:41:03','查询操作',1),(72,'添加供应商信息[id=null, name=321, contact=32, number=32, address=32, remarks=32]','2017-11-20 21:41:14','添加操作',1),(73,'查询供应商信息','2017-11-20 21:41:14','查询操作',1),(74,'删除供应商信息[id=14, name=2s s是3, contact=fd2, number=32, address=432, remarks=2133]','2017-11-20 21:41:18','删除操作',1),(75,'删除供应商信息[id=15, name=321, contact=32, number=32, address=32, remarks=32]','2017-11-20 21:41:18','删除操作',1),(76,'查询供应商信息','2017-11-20 21:41:18','查询操作',1),(77,'用户登录','2017-11-20 22:05:59','登录操作',1),(78,'查询供应商信息','2017-11-20 22:06:03','查询操作',1),(79,'查询供应商信息','2017-11-20 22:06:03','查询操作',1),(80,'查询供应商信息','2017-11-20 22:06:07','查询操作',1),(81,'查询供应商信息','2017-11-20 22:06:08','查询操作',1),(82,'查询供应商信息','2017-11-20 22:06:11','查询操作',1),(83,'查询供应商信息','2017-11-20 22:06:12','查询操作',1),(84,'查询供应商信息','2017-11-20 22:06:14','查询操作',1),(85,'查询供应商信息','2017-11-20 22:06:16','查询操作',1),(86,'查询供应商信息','2017-11-20 22:06:20','查询操作',1),(87,'添加供应商信息com.java1234.entity.Supplier@307b2c8c','2017-11-20 22:06:37','添加操作',1),(88,'查询供应商信息','2017-11-20 22:06:37','查询操作',1),(89,'查询供应商信息','2017-11-20 22:06:38','查询操作',1),(90,'更新供应商信息com.java1234.entity.Supplier@67b5703b','2017-11-20 22:06:47','更新操作',1),(91,'查询供应商信息','2017-11-20 22:06:47','查询操作',1),(92,'更新供应商信息com.java1234.entity.Supplier@3a995a4d','2017-11-20 22:06:51','更新操作',1),(93,'查询供应商信息','2017-11-20 22:06:51','查询操作',1),(94,'添加供应商信息com.java1234.entity.Supplier@1845f3f4','2017-11-20 22:06:57','添加操作',1),(95,'查询供应商信息','2017-11-20 22:06:57','查询操作',1),(96,'用户登录','2017-11-20 22:09:10','登录操作',1),(97,'查询供应商信息','2017-11-20 22:09:13','查询操作',1),(98,'查询供应商信息','2017-11-20 22:09:13','查询操作',1),(99,'查询供应商信息','2017-11-20 22:09:15','查询操作',1),(100,'删除供应商信息null','2017-11-20 22:09:17','删除操作',1),(101,'删除供应商信息null','2017-11-20 22:09:17','删除操作',1),(102,'查询供应商信息','2017-11-20 22:09:17','查询操作',1),(103,'用户登录','2017-11-20 22:11:58','登录操作',1),(104,'查询供应商信息','2017-11-20 22:12:01','查询操作',1),(105,'查询供应商信息','2017-11-20 22:12:01','查询操作',1),(106,'查询供应商信息','2017-11-20 22:12:02','查询操作',1),(107,'添加供应商信息Supplier [id=null, name=21, contact=321, number=21, address=13, remarks=32]','2017-11-20 22:12:07','添加操作',1),(108,'查询供应商信息','2017-11-20 22:12:07','查询操作',1),(109,'添加供应商信息Supplier [id=null, name=34, contact=423, number=32, address=24, remarks=3243]','2017-11-20 22:12:11','添加操作',1),(110,'查询供应商信息','2017-11-20 22:12:11','查询操作',1),(111,'添加供应商信息Supplier [id=null, name=牛, contact=fdfds, number=fda, address=fda, remarks=fdsf]','2017-11-20 22:12:22','添加操作',1),(112,'查询供应商信息','2017-11-20 22:12:22','查询操作',1),(113,'删除供应商信息Supplier [id=16, name=21, contact=321, number=21, address=13, remarks=32]','2017-11-20 22:12:26','删除操作',1),(114,'删除供应商信息Supplier [id=17, name=34, contact=423, number=32, address=24, remarks=3243]','2017-11-20 22:12:26','删除操作',1),(115,'删除供应商信息Supplier [id=18, name=牛, contact=fdfds, number=fda, address=fda, remarks=fdsf]','2017-11-20 22:12:26','删除操作',1),(116,'查询供应商信息','2017-11-20 22:12:26','查询操作',1),(117,'用户登录','2017-11-21 21:40:05','登录操作',1),(118,'查询客户信息','2017-11-21 21:40:07','查询操作',1),(119,'查询客户信息','2017-11-21 21:40:07','查询操作',1),(120,'添加客户信息[id=null, name=21, contact=1321, number=32, address=321, remarks=321]','2017-11-21 21:40:14','添加操作',1),(121,'查询客户信息','2017-11-21 21:40:14','查询操作',1),(122,'更新客户信息[id=5, name=212, contact=13212, number=322, address=3212, remarks=3212]','2017-11-21 21:40:20','更新操作',1),(123,'查询客户信息','2017-11-21 21:40:20','查询操作',1),(124,'删除客户信息[id=5, name=212, contact=13212, number=322, address=3212, remarks=3212]','2017-11-21 21:40:23','删除操作',1),(125,'查询客户信息','2017-11-21 21:40:23','查询操作',1),(126,'查询供应商信息','2017-11-21 21:40:26','查询操作',1),(127,'查询供应商信息','2017-11-21 21:40:26','查询操作',1),(128,'用户登录','2017-11-21 21:59:20','登录操作',1),(129,'查询客户信息','2017-11-21 21:59:22','查询操作',1),(130,'查询客户信息','2017-11-21 21:59:22','查询操作',1),(131,'查询客户信息','2017-11-21 21:59:28','查询操作',1),(132,'查询客户信息','2017-11-21 21:59:30','查询操作',1),(133,'添加客户信息Customer [id=null, name=1, contact=3, number=3, address=2, remarks=2]','2017-11-21 21:59:35','添加操作',1),(134,'查询客户信息','2017-11-21 21:59:35','查询操作',1),(135,'添加客户信息Customer [id=null, name=4是, contact=32432, number=24, address=43, remarks=432]','2017-11-21 21:59:42','添加操作',1),(136,'查询客户信息','2017-11-21 21:59:42','查询操作',1),(137,'更新客户信息Customer [id=5, name=12, contact=32, number=22, address=22, remarks=22]','2017-11-21 21:59:52','更新操作',1),(138,'查询客户信息','2017-11-21 21:59:52','查询操作',1),(139,'更新客户信息Customer [id=6, name=4是3, contact=32432, number=24, address=43, remarks=4323]','2017-11-21 21:59:58','更新操作',1),(140,'查询客户信息','2017-11-21 21:59:58','查询操作',1),(141,'删除客户信息Customer [id=5, name=12, contact=32, number=22, address=22, remarks=22]','2017-11-21 22:00:05','删除操作',1),(142,'删除客户信息Customer [id=6, name=4是3, contact=32432, number=24, address=43, remarks=4323]','2017-11-21 22:00:05','删除操作',1),(143,'查询客户信息','2017-11-21 22:00:05','查询操作',1),(144,'用户登录','2017-11-22 21:43:02','登录操作',1),(145,'查询商品类别信息','2017-11-22 21:43:05','查询操作',1),(146,'查询商品类别信息','2017-11-22 21:43:14','查询操作',1),(147,'查询商品类别信息','2017-11-22 21:46:12','查询操作',1),(148,'用户登录','2017-11-22 22:46:49','登录操作',1),(149,'用户登录','2017-11-22 22:47:34','登录操作',1),(150,'查询所有商品类别信息','2017-11-22 22:47:37','查询操作',1),(151,'查询所有商品类别信息','2017-11-22 22:51:04','查询操作',1),(152,'查询所有商品类别信息','2017-11-22 22:51:20','查询操作',1),(153,'查询所有商品类别信息','2017-11-22 22:51:56','查询操作',1),(154,'查询所有商品类别信息','2017-11-22 22:51:58','查询操作',1),(155,'查询所有商品类别信息','2017-11-22 22:52:27','查询操作',1),(156,'查询所有商品类别信息','2017-11-22 22:54:02','查询操作',1),(157,'用户登录','2017-11-23 22:03:49','登录操作',1),(158,'查询所有商品类别信息','2017-11-23 22:03:53','查询操作',1),(159,'删除商品类别信息GoodsType [id=11, name=休闲食品, state=0, icon=icon-folder, pId=3]','2017-11-23 22:03:58','删除操作',1),(160,'用户登录','2017-11-23 22:13:15','登录操作',1),(161,'查询所有商品类别信息','2017-11-23 22:13:17','查询操作',1),(162,'添加商品类别信息GoodsType [id=null, name=是滴, state=0, icon=icon-folder, pId=1]','2017-11-23 22:13:21','添加操作',1),(163,'查询所有商品类别信息','2017-11-23 22:13:21','查询操作',1),(164,'添加商品类别信息GoodsType [id=null, name=ffds, state=0, icon=icon-folder, pId=18]','2017-11-23 22:13:27','添加操作',1),(165,'查询所有商品类别信息','2017-11-23 22:13:27','查询操作',1),(166,'添加商品类别信息GoodsType [id=null, name=dsf, state=0, icon=icon-folder, pId=19]','2017-11-23 22:13:33','添加操作',1),(167,'查询所有商品类别信息','2017-11-23 22:13:33','查询操作',1),(168,'删除商品类别信息GoodsType [id=20, name=dsf, state=0, icon=icon-folder, pId=19]','2017-11-23 22:13:36','删除操作',1),(169,'查询所有商品类别信息','2017-11-23 22:13:36','查询操作',1),(170,'删除商品类别信息GoodsType [id=19, name=ffds, state=0, icon=icon-folder, pId=18]','2017-11-23 22:13:38','删除操作',1),(171,'查询所有商品类别信息','2017-11-23 22:13:38','查询操作',1),(172,'删除商品类别信息GoodsType [id=18, name=是滴, state=0, icon=icon-folder, pId=1]','2017-11-23 22:13:40','删除操作',1),(173,'查询所有商品类别信息','2017-11-23 22:13:40','查询操作',1),(174,'用户登录','2017-11-23 22:53:56','登录操作',1),(175,'查询所有商品类别信息','2017-11-23 22:53:58','查询操作',1),(176,'添加商品类别信息','2017-11-23 22:54:10','添加操作',1),(177,'查询所有商品类别信息','2017-11-23 22:54:10','查询操作',1),(178,'添加商品类别信息','2017-11-23 22:54:33','添加操作',1),(179,'查询所有商品类别信息','2017-11-23 22:54:33','查询操作',1),(180,'添加商品类别信息','2017-11-23 22:54:48','添加操作',1),(181,'查询所有商品类别信息','2017-11-23 22:54:48','查询操作',1),(182,'用户登录','2017-11-23 23:06:46','登录操作',1),(183,'查询所有商品类别信息','2017-11-23 23:06:48','查询操作',1),(184,'删除商品类别信息GoodsType [id=23, name=都是, state=0, icon=icon-folder, pId=22]','2017-11-23 23:06:50','删除操作',1),(185,'查询所有商品类别信息','2017-11-23 23:06:50','查询操作',1),(186,'添加商品类别信息','2017-11-23 23:07:12','添加操作',1),(187,'查询所有商品类别信息','2017-11-23 23:07:12','查询操作',1),(188,'查询所有商品类别信息','2017-11-23 23:07:50','查询操作',1),(189,'删除商品类别信息GoodsType [id=24, name=3, state=0, icon=icon-folder, pId=21]','2017-11-23 23:07:51','删除操作',1),(190,'查询所有商品类别信息','2017-11-23 23:07:51','查询操作',1),(191,'删除商品类别信息GoodsType [id=22, name=2, state=0, icon=icon-folder, pId=21]','2017-11-23 23:08:04','删除操作',1),(192,'查询所有商品类别信息','2017-11-23 23:08:04','查询操作',1),(193,'用户登录','2017-11-23 23:09:10','登录操作',1),(194,'查询所有商品类别信息','2017-11-23 23:09:13','查询操作',1),(195,'添加商品类别信息','2017-11-23 23:09:16','添加操作',1),(196,'查询所有商品类别信息','2017-11-23 23:09:16','查询操作',1),(197,'添加商品类别信息','2017-11-23 23:09:19','添加操作',1),(198,'查询所有商品类别信息','2017-11-23 23:09:19','查询操作',1),(199,'删除商品类别信息GoodsType [id=26, name=3, state=0, icon=icon-folder, pId=21]','2017-11-23 23:09:20','删除操作',1),(200,'查询所有商品类别信息','2017-11-23 23:09:20','查询操作',1),(201,'删除商品类别信息GoodsType [id=25, name=2, state=0, icon=icon-folder, pId=21]','2017-11-23 23:09:22','删除操作',1),(202,'查询所有商品类别信息','2017-11-23 23:09:22','查询操作',1),(203,'用户登录','2017-11-24 21:39:52','登录操作',1),(204,'查询所有商品类别信息','2017-11-24 21:40:00','查询操作',1),(205,'查询商品信息','2017-11-24 21:40:00','查询操作',1),(206,'查询商品信息','2017-11-24 21:40:09','查询操作',1),(207,'查询商品信息','2017-11-24 21:40:11','查询操作',1),(208,'查询所有商品类别信息','2017-11-24 21:42:42','查询操作',1),(209,'查询商品信息','2017-11-24 21:42:42','查询操作',1),(210,'查询商品信息','2017-11-24 21:42:43','查询操作',1),(211,'查询商品信息','2017-11-24 21:42:45','查询操作',1),(212,'查询商品信息','2017-11-24 21:42:47','查询操作',1),(213,'查询商品信息','2017-11-24 21:42:48','查询操作',1),(214,'查询商品信息','2017-11-24 21:42:48','查询操作',1),(215,'查询商品信息','2017-11-24 21:42:49','查询操作',1),(216,'查询商品信息','2017-11-24 21:42:49','查询操作',1),(217,'查询商品信息','2017-11-24 21:42:50','查询操作',1),(218,'查询商品信息','2017-11-24 21:42:51','查询操作',1),(219,'查询商品信息','2017-11-24 21:43:43','查询操作',1),(220,'查询商品信息','2017-11-24 21:43:47','查询操作',1),(221,'用户登录','2017-11-24 22:14:07','登录操作',1),(222,'查询所有商品类别信息','2017-11-24 22:14:10','查询操作',1),(223,'查询商品信息','2017-11-24 22:14:10','查询操作',1),(224,'查询所有商品类别信息','2017-11-24 22:14:32','查询操作',1),(225,'查询商品信息','2017-11-24 22:14:32','查询操作',1),(226,'查询所有商品类别信息','2017-11-24 22:14:47','查询操作',1),(227,'查询商品信息','2017-11-24 22:14:47','查询操作',1),(228,'查询商品信息','2017-11-24 22:15:15','查询操作',1),(229,'查询商品信息','2017-11-24 22:15:17','查询操作',1),(230,'查询商品信息','2017-11-24 22:15:19','查询操作',1),(231,'查询商品信息','2017-11-24 22:15:19','查询操作',1),(232,'查询商品信息','2017-11-24 22:15:20','查询操作',1),(233,'查询商品信息','2017-11-24 22:15:21','查询操作',1),(234,'查询商品信息','2017-11-24 22:15:23','查询操作',1),(235,'查询商品信息','2017-11-24 22:15:28','查询操作',1),(236,'查询商品信息','2017-11-24 22:15:30','查询操作',1),(237,'查询商品信息','2017-11-24 22:15:33','查询操作',1),(238,'查询商品信息','2017-11-24 22:15:36','查询操作',1),(239,'查询商品信息','2017-11-24 22:15:38','查询操作',1),(240,'查询商品信息','2017-11-24 22:15:40','查询操作',1),(241,'查询商品信息','2017-11-24 22:15:46','查询操作',1),(242,'查询商品信息','2017-11-24 22:15:48','查询操作',1),(243,'查询商品信息','2017-11-24 22:15:48','查询操作',1),(244,'查询商品信息','2017-11-24 22:15:49','查询操作',1),(245,'用户登录','2017-11-25 21:27:54','登录操作',1),(246,'查询商品单位信息','2017-11-25 21:27:56','查询操作',1),(247,'查询所有商品类别信息','2017-11-25 21:27:56','查询操作',1),(248,'查询商品信息','2017-11-25 21:27:56','查询操作',1),(249,'查询所有商品类别信息','2017-11-25 21:30:01','查询操作',1),(250,'查询商品单位信息','2017-11-25 21:30:01','查询操作',1),(251,'查询商品信息','2017-11-25 21:30:01','查询操作',1),(252,'查询所有商品类别信息','2017-11-25 21:30:06','查询操作',1),(253,'查询所有商品类别信息','2017-11-25 21:30:38','查询操作',1),(254,'查询商品单位信息','2017-11-25 21:30:39','查询操作',1),(255,'查询商品信息','2017-11-25 21:30:39','查询操作',1),(256,'查询所有商品类别信息','2017-11-25 21:30:41','查询操作',1),(257,'查询所有商品类别信息','2017-11-25 21:30:42','查询操作',1),(258,'添加商品单位信息[id=null, name=是]','2017-11-25 21:31:03','添加操作',1),(259,'查询商品单位信息','2017-11-25 21:31:04','查询操作',1),(260,'添加商品单位信息[id=null, name=是2]','2017-11-25 21:31:08','添加操作',1),(261,'查询商品单位信息','2017-11-25 21:31:08','查询操作',1),(262,'删除商品单位信息[id=1, name=是]','2017-11-25 21:31:14','删除操作',1),(263,'查询商品单位信息','2017-11-25 21:31:14','查询操作',1),(264,'查询所有商品类别信息','2017-11-25 21:31:32','查询操作',1),(265,'查询所有商品类别信息','2017-11-25 21:35:44','查询操作',1),(266,'查询所有商品类别信息','2017-11-25 21:35:54','查询操作',1),(267,'查询所有商品类别信息','2017-11-25 21:35:55','查询操作',1),(268,'查询所有商品类别信息','2017-11-25 21:35:58','查询操作',1),(269,'查询所有商品类别信息','2017-11-25 21:36:02','查询操作',1),(270,'查询商品信息','2017-11-25 21:36:02','查询操作',1),(271,'查询商品单位信息','2017-11-25 21:36:02','查询操作',1),(272,'查询所有商品类别信息','2017-11-25 21:36:04','查询操作',1),(273,'查询所有商品类别信息','2017-11-25 21:38:27','查询操作',1),(274,'查询商品单位信息','2017-11-25 21:38:27','查询操作',1),(275,'查询商品信息','2017-11-25 21:38:27','查询操作',1),(276,'查询商品单位信息','2017-11-25 21:38:27','查询操作',1),(277,'用户登录','2017-11-25 22:22:19','登录操作',1),(278,'查询所有商品类别信息','2017-11-25 22:22:26','查询操作',1),(279,'查询商品信息','2017-11-25 22:22:26','查询操作',1),(280,'查询所有商品类别信息','2017-11-25 22:23:28','查询操作',1),(281,'查询商品信息','2017-11-25 22:23:28','查询操作',1),(282,'查询所有商品类别信息','2017-11-25 22:24:23','查询操作',1),(283,'查询商品信息','2017-11-25 22:24:23','查询操作',1),(284,'查询所有商品类别信息','2017-11-25 22:25:00','查询操作',1),(285,'查询商品信息','2017-11-25 22:25:00','查询操作',1),(286,'查询所有商品类别信息','2017-11-25 22:25:09','查询操作',1),(287,'查询商品信息','2017-11-25 22:25:09','查询操作',1),(288,'查询所有商品类别信息','2017-11-25 22:25:26','查询操作',1),(289,'查询商品信息','2017-11-25 22:25:26','查询操作',1),(290,'查询所有商品类别信息','2017-11-25 22:25:40','查询操作',1),(291,'查询商品信息','2017-11-25 22:25:40','查询操作',1),(292,'用户登录','2017-11-26 19:14:52','登录操作',1),(293,'查询所有商品类别信息','2017-11-26 19:15:14','查询操作',1),(294,'查询商品单位信息','2017-11-26 19:15:14','查询操作',1),(295,'查询商品信息','2017-11-26 19:15:14','查询操作',1),(296,'查询所有商品类别信息','2017-11-26 19:15:16','查询操作',1),(297,'查询所有商品类别信息','2017-11-26 19:15:20','查询操作',1),(298,'查询所有商品类别信息','2017-11-26 19:15:25','查询操作',1),(299,'查询所有商品类别信息','2017-11-26 19:15:28','查询操作',1),(300,'查询所有商品类别信息','2017-11-26 19:15:41','查询操作',1),(301,'查询所有商品类别信息','2017-11-26 19:16:40','查询操作',1),(302,'查询商品单位信息','2017-11-26 19:16:40','查询操作',1),(303,'查询商品信息','2017-11-26 19:16:40','查询操作',1),(304,'查询所有商品类别信息','2017-11-26 19:16:41','查询操作',1),(305,'查询所有商品类别信息','2017-11-26 19:22:55','查询操作',1),(306,'查询商品单位信息','2017-11-26 19:22:55','查询操作',1),(307,'查询商品信息','2017-11-26 19:22:55','查询操作',1),(308,'查询商品信息','2017-11-26 19:22:56','查询操作',1),(309,'查询所有商品类别信息','2017-11-26 19:22:58','查询操作',1),(310,'查询所有商品类别信息','2017-11-26 19:26:43','查询操作',1),(311,'查询商品单位信息','2017-11-26 19:26:43','查询操作',1),(312,'查询商品信息','2017-11-26 19:26:43','查询操作',1),(313,'查询商品单位信息','2017-11-26 19:26:43','查询操作',1),(314,'添加商品单位信息','2017-11-26 19:26:51','添加操作',1),(315,'查询商品单位信息','2017-11-26 19:26:51','查询操作',1),(316,'添加商品单位信息','2017-11-26 19:26:59','添加操作',1),(317,'查询商品单位信息','2017-11-26 19:26:59','查询操作',1),(318,'删除商品单位信息：GoodsUnit [id=2, name=21]','2017-11-26 19:27:07','删除操作',1),(319,'删除商品单位信息：null','2017-11-26 19:27:31','删除操作',1),(320,'删除商品单位信息：null','2017-11-26 19:27:33','删除操作',1),(321,'查询所有商品类别信息','2017-11-26 19:29:42','查询操作',1),(322,'查询商品单位信息','2017-11-26 19:29:42','查询操作',1),(323,'查询商品信息','2017-11-26 19:29:42','查询操作',1),(324,'查询商品单位信息','2017-11-26 19:29:42','查询操作',1),(325,'删除商品单位信息：GoodsUnit [id=1, name=ds都是]','2017-11-26 19:29:48','删除操作',1),(326,'查询所有商品类别信息','2017-11-26 19:30:48','查询操作',1),(327,'查询商品信息','2017-11-26 19:30:48','查询操作',1),(328,'查询商品单位信息','2017-11-26 19:30:48','查询操作',1),(329,'查询商品单位信息','2017-11-26 19:30:48','查询操作',1),(330,'用户登录','2017-11-26 19:52:41','登录操作',1),(331,'查询客户信息','2017-11-26 19:52:45','查询操作',1),(332,'查询客户信息','2017-11-26 19:52:45','查询操作',1),(333,'查询所有商品类别信息','2017-11-26 19:52:45','查询操作',1),(334,'查询商品信息','2017-11-26 19:52:46','查询操作',1),(335,'查询商品单位信息','2017-11-26 19:52:46','查询操作',1),(336,'查询商品单位信息','2017-11-26 19:52:46','查询操作',1),(337,'添加商品单位信息','2017-11-26 19:52:51','添加操作',1),(338,'查询商品单位信息','2017-11-26 19:52:51','查询操作',1),(339,'删除商品单位信息：GoodsUnit [id=3, name=s是]','2017-11-26 19:52:53','删除操作',1),(340,'查询商品单位信息','2017-11-26 19:52:53','查询操作',1),(341,'查询所有商品类别信息','2017-11-26 19:52:57','查询操作',1),(342,'添加商品单位信息','2017-11-26 20:01:07','添加操作',1),(343,'查询商品单位信息','2017-11-26 20:01:07','查询操作',1),(344,'用户登录','2017-11-26 20:05:41','登录操作',1),(345,'查询所有商品类别信息','2017-11-26 20:05:43','查询操作',1),(346,'查询商品单位信息','2017-11-26 20:05:43','查询操作',1),(347,'查询商品单位信息','2017-11-26 20:05:43','查询操作',1),(348,'查询商品信息','2017-11-26 20:05:43','查询操作',1),(349,'查询所有商品类别信息','2017-11-26 20:05:52','查询操作',1),(350,'查询商品单位信息','2017-11-26 20:05:52','查询操作',1),(351,'查询商品信息','2017-11-26 20:05:52','查询操作',1),(352,'查询商品单位信息','2017-11-26 20:05:52','查询操作',1),(353,'用户登录','2017-11-26 20:07:20','登录操作',1),(354,'查询所有商品类别信息','2017-11-26 20:07:25','查询操作',1),(355,'查询商品单位信息','2017-11-26 20:07:25','查询操作',1),(356,'查询商品单位信息','2017-11-26 20:07:25','查询操作',1),(357,'查询商品信息','2017-11-26 20:07:25','查询操作',1),(358,'查询商品信息','2017-11-26 20:07:30','查询操作',1),(359,'用户登录','2017-11-26 21:00:49','登录操作',1),(360,'查询所有商品类别信息','2017-11-26 21:00:51','查询操作',1),(361,'查询商品信息','2017-11-26 21:00:52','查询操作',1),(362,'查询所有商品类别信息','2017-11-26 21:00:54','查询操作',1),(363,'查询所有商品类别信息','2017-11-26 21:01:23','查询操作',1),(364,'查询商品信息','2017-11-26 21:01:23','查询操作',1),(365,'查询所有商品类别信息','2017-11-26 21:01:24','查询操作',1),(366,'查询所有商品类别信息','2017-11-26 21:02:12','查询操作',1),(367,'查询商品信息','2017-11-26 21:02:12','查询操作',1),(368,'查询所有商品类别信息','2017-11-26 21:02:14','查询操作',1),(369,'查询所有商品类别信息','2017-11-26 21:02:32','查询操作',1),(370,'查询商品信息','2017-11-26 21:02:32','查询操作',1),(371,'查询所有商品类别信息','2017-11-26 21:02:34','查询操作',1),(372,'查询所有商品类别信息','2017-11-26 21:02:36','查询操作',1),(373,'查询商品信息','2017-11-26 21:02:36','查询操作',1),(374,'查询所有商品类别信息','2017-11-26 21:02:37','查询操作',1),(375,'查询所有商品类别信息','2017-11-26 21:02:58','查询操作',1),(376,'查询商品信息','2017-11-26 21:02:58','查询操作',1),(377,'查询商品信息','2017-11-26 21:02:59','查询操作',1),(378,'查询所有商品类别信息','2017-11-26 21:03:01','查询操作',1),(379,'查询所有商品类别信息','2017-11-26 21:03:17','查询操作',1),(380,'查询商品信息','2017-11-26 21:03:17','查询操作',1),(381,'查询所有商品类别信息','2017-11-26 21:03:19','查询操作',1),(382,'用户登录','2017-11-26 21:03:47','登录操作',1),(383,'查询所有商品类别信息','2017-11-26 21:03:48','查询操作',1),(384,'查询商品信息','2017-11-26 21:03:48','查询操作',1),(385,'查询所有商品类别信息','2017-11-26 21:03:50','查询操作',1),(386,'查询所有商品类别信息','2017-11-26 21:05:27','查询操作',1),(387,'查询商品信息','2017-11-26 21:05:27','查询操作',1),(388,'查询所有商品类别信息','2017-11-26 21:05:31','查询操作',1),(389,'查询所有商品类别信息','2017-11-26 21:06:00','查询操作',1),(390,'查询商品信息','2017-11-26 21:06:00','查询操作',1),(391,'查询所有商品类别信息','2017-11-26 21:06:01','查询操作',1),(392,'查询所有商品类别信息','2017-11-26 21:08:25','查询操作',1),(393,'查询商品信息','2017-11-26 21:08:25','查询操作',1),(394,'查询所有商品类别信息','2017-11-26 21:08:27','查询操作',1),(395,'查询所有商品类别信息','2017-11-26 21:08:30','查询操作',1),(396,'查询所有商品类别信息','2017-11-26 21:08:53','查询操作',1),(397,'查询所有商品类别信息','2017-11-26 21:08:58','查询操作',1),(398,'查询商品信息','2017-11-26 21:09:01','查询操作',1),(399,'查询商品信息','2017-11-26 21:09:13','查询操作',1),(400,'查询所有商品类别信息','2017-11-26 21:10:37','查询操作',1),(401,'查询商品信息','2017-11-26 21:10:37','查询操作',1),(402,'查询商品信息','2017-11-26 21:10:38','查询操作',1),(403,'查询所有商品类别信息','2017-11-26 21:11:19','查询操作',1),(404,'查询商品信息','2017-11-26 21:11:19','查询操作',1),(405,'查询所有商品类别信息','2017-11-26 21:18:14','查询操作',1),(406,'查询商品信息','2017-11-26 21:18:14','查询操作',1),(407,'查询所有商品类别信息','2017-11-26 21:18:57','查询操作',1),(408,'查询商品信息','2017-11-26 21:18:57','查询操作',1),(409,'查询所有商品类别信息','2017-11-26 21:19:21','查询操作',1),(410,'查询商品信息','2017-11-26 21:19:21','查询操作',1),(411,'查询所有商品类别信息','2017-11-26 21:19:25','查询操作',1),(412,'查询商品信息','2017-11-26 21:19:25','查询操作',1),(413,'查询所有商品类别信息','2017-11-26 21:20:08','查询操作',1),(414,'查询商品单位信息','2017-11-26 21:20:08','查询操作',1),(415,'查询商品信息','2017-11-26 21:20:08','查询操作',1),(416,'查询所有商品类别信息','2017-11-26 21:28:54','查询操作',1),(417,'查询商品信息','2017-11-26 21:28:54','查询操作',1),(418,'查询商品单位信息','2017-11-26 21:28:54','查询操作',1),(419,'查询所有商品类别信息','2017-11-26 21:30:07','查询操作',1),(420,'查询商品信息','2017-11-26 21:30:07','查询操作',1),(421,'查询商品单位信息','2017-11-26 21:30:07','查询操作',1),(422,'添加商品单位信息','2017-11-26 21:30:12','添加操作',1),(423,'查询商品单位信息','2017-11-26 21:30:12','查询操作',1),(424,'查询所有商品类别信息','2017-11-26 21:30:51','查询操作',1),(425,'查询商品单位信息','2017-11-26 21:30:51','查询操作',1),(426,'查询商品信息','2017-11-26 21:30:51','查询操作',1),(427,'添加商品单位信息','2017-11-26 21:30:59','添加操作',1),(428,'查询商品单位信息','2017-11-26 21:30:59','查询操作',1),(429,'删除商品单位信息：GoodsUnit [id=14, name=是2]','2017-11-26 21:31:14','删除操作',1),(430,'用户登录','2017-11-26 21:31:47','登录操作',1),(431,'查询所有商品类别信息','2017-11-26 21:31:49','查询操作',1),(432,'查询商品单位信息','2017-11-26 21:31:49','查询操作',1),(433,'查询商品信息','2017-11-26 21:31:49','查询操作',1),(434,'删除商品单位信息：GoodsUnit [id=13, name=是]','2017-11-26 21:31:59','删除操作',1),(435,'查询商品单位信息','2017-11-26 21:31:59','查询操作',1),(436,'添加商品单位信息','2017-11-26 21:32:19','添加操作',1),(437,'查询商品单位信息','2017-11-26 21:32:19','查询操作',1),(438,'查询所有商品类别信息','2017-11-26 21:33:41','查询操作',1),(439,'查询商品单位信息','2017-11-26 21:33:41','查询操作',1),(440,'查询商品单位信息','2017-11-26 21:33:41','查询操作',1),(441,'查询商品信息','2017-11-26 21:33:41','查询操作',1),(442,'查询所有商品类别信息','2017-11-26 21:33:54','查询操作',1),(443,'查询商品单位信息','2017-11-26 21:33:54','查询操作',1),(444,'查询商品信息','2017-11-26 21:33:54','查询操作',1),(445,'查询商品单位信息','2017-11-26 21:33:54','查询操作',1),(446,'查询所有商品类别信息','2017-11-26 21:34:02','查询操作',1),(447,'查询商品单位信息','2017-11-26 21:34:02','查询操作',1),(448,'查询商品信息','2017-11-26 21:34:02','查询操作',1),(449,'查询商品单位信息','2017-11-26 21:34:02','查询操作',1),(450,'查询所有商品类别信息','2017-11-26 21:34:21','查询操作',1),(451,'查询所有商品类别信息','2017-11-26 21:34:23','查询操作',1),(452,'用户登录','2017-11-27 20:42:50','登录操作',1),(453,'查询所有商品类别信息','2017-11-27 20:43:25','查询操作',1),(454,'查询商品单位信息','2017-11-27 20:43:25','查询操作',1),(455,'查询商品单位信息','2017-11-27 20:43:25','查询操作',1),(456,'查询商品信息','2017-11-27 20:43:25','查询操作',1),(457,'查询所有商品类别信息','2017-11-27 20:44:27','查询操作',1),(458,'查询所有商品类别信息','2017-11-27 20:44:37','查询操作',1),(459,'查询商品单位信息','2017-11-27 20:44:37','查询操作',1),(460,'查询商品信息','2017-11-27 20:44:37','查询操作',1),(461,'查询商品单位信息','2017-11-27 20:44:37','查询操作',1),(462,'查询所有商品类别信息','2017-11-27 20:48:16','查询操作',1),(463,'查询商品信息','2017-11-27 20:48:16','查询操作',1),(464,'查询商品单位信息','2017-11-27 20:48:16','查询操作',1),(465,'查询商品单位信息','2017-11-27 20:48:16','查询操作',1),(466,'查询所有商品类别信息','2017-11-27 20:48:26','查询操作',1),(467,'查询商品单位信息','2017-11-27 20:48:26','查询操作',1),(468,'查询商品单位信息','2017-11-27 20:48:26','查询操作',1),(469,'查询商品信息','2017-11-27 20:48:26','查询操作',1),(470,'查询所有商品类别信息','2017-11-27 20:48:36','查询操作',1),(471,'查询商品单位信息','2017-11-27 20:48:36','查询操作',1),(472,'查询商品信息','2017-11-27 20:48:36','查询操作',1),(473,'查询商品单位信息','2017-11-27 20:48:36','查询操作',1),(474,'查询所有商品类别信息','2017-11-27 20:51:24','查询操作',1),(475,'查询商品信息','2017-11-27 20:51:24','查询操作',1),(476,'查询商品单位信息','2017-11-27 20:51:24','查询操作',1),(477,'查询商品单位信息','2017-11-27 20:51:24','查询操作',1),(478,'用户登录','2017-11-27 20:53:30','登录操作',1),(479,'查询所有商品类别信息','2017-11-27 20:53:32','查询操作',1),(480,'查询商品单位信息','2017-11-27 20:53:32','查询操作',1),(481,'查询商品单位信息','2017-11-27 20:53:32','查询操作',1),(482,'查询商品信息','2017-11-27 20:53:32','查询操作',1),(483,'查询所有商品类别信息','2017-11-27 20:53:40','查询操作',1),(484,'查询商品单位信息','2017-11-27 20:53:40','查询操作',1),(485,'查询商品信息','2017-11-27 20:53:40','查询操作',1),(486,'查询商品单位信息','2017-11-27 20:53:41','查询操作',1),(487,'用户登录','2017-11-27 20:54:50','登录操作',1),(488,'查询所有商品类别信息','2017-11-27 20:54:58','查询操作',1),(489,'查询商品单位信息','2017-11-27 20:54:58','查询操作',1),(490,'查询商品单位信息','2017-11-27 20:54:58','查询操作',1),(491,'查询商品信息','2017-11-27 20:54:58','查询操作',1),(492,'查询所有商品类别信息','2017-11-27 20:55:02','查询操作',1),(493,'用户登录','2017-11-27 21:10:04','登录操作',1),(494,'查询所有商品类别信息','2017-11-27 21:10:06','查询操作',1),(495,'查询商品单位信息','2017-11-27 21:10:06','查询操作',1),(496,'查询商品信息','2017-11-27 21:10:06','查询操作',1),(497,'查询商品单位信息','2017-11-27 21:10:06','查询操作',1),(498,'查询所有商品类别信息','2017-11-27 21:10:11','查询操作',1),(499,'用户登录','2017-11-27 21:12:56','登录操作',1),(500,'查询所有商品类别信息','2017-11-27 21:13:01','查询操作',1),(501,'查询商品单位信息','2017-11-27 21:13:01','查询操作',1),(502,'查询商品单位信息','2017-11-27 21:13:01','查询操作',1),(503,'查询商品信息','2017-11-27 21:13:01','查询操作',1),(504,'查询所有商品类别信息','2017-11-27 21:13:05','查询操作',1),(505,'查询商品信息','2017-11-27 21:13:10','查询操作',1),(506,'添加商品信息Goods [id=null, code=0029, name=3, model=2, type=GoodsType [id=2, name=null, state=null, icon=null, pId=null], unit=盒, lastPurchasingPrice=0.0, purchasingPrice=4.0, sellingPrice=4.0, inventoryQuantity=0, minNum=4, state=0, producer=32, remarks=32]','2017-11-27 21:13:51','添加操作',1),(507,'查询商品信息','2017-11-27 21:13:56','查询操作',1),(508,'查询所有商品类别信息','2017-11-27 21:14:58','查询操作',1),(509,'查询商品信息','2017-11-27 21:14:58','查询操作',1),(510,'查询商品单位信息','2017-11-27 21:14:58','查询操作',1),(511,'查询商品单位信息','2017-11-27 21:14:58','查询操作',1),(512,'查询所有商品类别信息','2017-11-27 21:16:56','查询操作',1),(513,'查询商品单位信息','2017-11-27 21:16:56','查询操作',1),(514,'查询商品信息','2017-11-27 21:16:56','查询操作',1),(515,'查询商品单位信息','2017-11-27 21:16:56','查询操作',1),(516,'查询所有商品类别信息','2017-11-27 21:17:01','查询操作',1),(517,'添加商品信息Goods [id=null, code=0030, name=好看的衣服, model=V2, type=GoodsType [id=6, name=null, state=null, icon=null, pId=null], unit=件, lastPurchasingPrice=0.0, purchasingPrice=180.0, sellingPrice=300.0, inventoryQuantity=0, minNum=18, state=0, producer=南京服饰是, remarks=111]','2017-11-27 21:17:36','添加操作',1),(518,'查询商品信息','2017-11-27 21:17:36','查询操作',1),(519,'查询商品信息','2017-11-27 21:17:38','查询操作',1),(520,'查询商品信息','2017-11-27 21:18:34','查询操作',1),(521,'添加商品信息Goods [id=null, code=0031, name=21, model=312, type=GoodsType [id=7, name=null, state=null, icon=null, pId=null], unit=盒, lastPurchasingPrice=0.0, purchasingPrice=321.0, sellingPrice=321.0, inventoryQuantity=0, minNum=321, state=0, producer=321, remarks=32]','2017-11-27 21:18:53','添加操作',1),(522,'查询商品信息','2017-11-27 21:18:53','查询操作',1),(523,'用户登录','2017-11-27 21:27:10','登录操作',1),(524,'查询所有商品类别信息','2017-11-27 21:27:12','查询操作',1),(525,'查询商品单位信息','2017-11-27 21:27:12','查询操作',1),(526,'查询商品单位信息','2017-11-27 21:27:12','查询操作',1),(527,'查询商品信息','2017-11-27 21:27:12','查询操作',1),(528,'查询所有商品类别信息','2017-11-27 21:27:17','查询操作',1),(529,'查询所有商品类别信息','2017-11-27 21:27:20','查询操作',1),(530,'添加商品信息Goods [id=null, code=0032, name=2, model=23, type=GoodsType [id=3, name=null, state=null, icon=null, pId=null], unit=盒, lastPurchasingPrice=0.0, purchasingPrice=32.0, sellingPrice=32.0, inventoryQuantity=0, minNum=32, state=0, producer=32, remarks=32]','2017-11-27 21:27:31','添加操作',1),(531,'查询所有商品类别信息','2017-11-27 21:27:37','查询操作',1),(532,'查询所有商品类别信息','2017-11-27 21:27:45','查询操作',1),(533,'查询商品信息','2017-11-27 21:27:50','查询操作',1),(534,'查询所有商品类别信息','2017-11-27 21:27:53','查询操作',1),(535,'查询所有商品类别信息','2017-11-27 21:27:55','查询操作',1),(536,'查询所有商品类别信息','2017-11-27 21:28:04','查询操作',1),(537,'更新商品信息Goods [id=40, code=0031, name=2133, model=3123, type=GoodsType [id=21, name=null, state=null, icon=null, pId=null], unit=袋, lastPurchasingPrice=0.0, purchasingPrice=3213.0, sellingPrice=3213.0, inventoryQuantity=0, minNum=3213, state=0, producer=3213, remarks=323]','2017-11-27 21:28:15','更新操作',1),(538,'查询商品信息','2017-11-27 21:28:24','查询操作',1),(539,'查询商品信息','2017-11-27 21:28:31','查询操作',1),(540,'查询商品信息','2017-11-27 21:30:21','查询操作',1),(541,'更新商品信息Goods [id=41, code=0032, name=24, model=234, type=GoodsType [id=3, name=null, state=null, icon=null, pId=null], unit=个, lastPurchasingPrice=0.0, purchasingPrice=324.0, sellingPrice=324.0, inventoryQuantity=0, minNum=324, state=0, producer=324, remarks=324]','2017-11-27 21:30:36','更新操作',1),(542,'查询商品信息','2017-11-27 21:30:43','查询操作',1),(543,'查询所有商品类别信息','2017-11-27 21:31:35','查询操作',1),(544,'查询商品单位信息','2017-11-27 21:31:35','查询操作',1),(545,'查询商品信息','2017-11-27 21:31:35','查询操作',1),(546,'查询商品单位信息','2017-11-27 21:31:35','查询操作',1),(547,'查询商品信息','2017-11-27 21:31:37','查询操作',1),(548,'查询商品信息','2017-11-27 21:31:38','查询操作',1),(549,'查询商品信息','2017-11-27 21:31:39','查询操作',1),(550,'查询所有商品类别信息','2017-11-27 21:31:55','查询操作',1),(551,'更新商品信息Goods [id=41, code=0032, name=2455, model=2345, type=GoodsType [id=3, name=null, state=null, icon=null, pId=null], unit=台, lastPurchasingPrice=0.0, purchasingPrice=3245.0, sellingPrice=3245.0, inventoryQuantity=0, minNum=3245, state=0, producer=3245, remarks=3245]','2017-11-27 21:31:57','更新操作',1),(552,'查询商品信息','2017-11-27 21:31:57','查询操作',1),(553,'查询所有商品类别信息','2017-11-27 21:32:05','查询操作',1),(554,'更新商品信息Goods [id=41, code=0032, name=2455, model=2345, type=GoodsType [id=4, name=null, state=null, icon=null, pId=null], unit=台, lastPurchasingPrice=0.0, purchasingPrice=3245.0, sellingPrice=3245.0, inventoryQuantity=0, minNum=3245, state=0, producer=3245, remarks=3245]','2017-11-27 21:32:07','更新操作',1),(555,'查询商品信息','2017-11-27 21:32:07','查询操作',1),(556,'删除商品信息Goods [id=41, code=0032, name=2455, model=2345, type=GoodsType [id=4, name=家电, state=1, icon=icon-folder, pId=1], unit=台, lastPurchasingPrice=0.0, purchasingPrice=3245.0, sellingPrice=3245.0, inventoryQuantity=0, minNum=3245, state=0, producer=3245, remarks=3245]','2017-11-27 21:32:13','删除操作',1),(557,'查询商品信息','2017-11-27 21:32:13','查询操作',1),(558,'查询商品信息','2017-11-27 21:32:14','查询操作',1),(559,'删除商品信息Goods [id=40, code=0031, name=2133, model=3123, type=GoodsType [id=21, name=测试, state=0, icon=icon-folder, pId=1], unit=袋, lastPurchasingPrice=0.0, purchasingPrice=3213.0, sellingPrice=3213.0, inventoryQuantity=0, minNum=3213, state=0, producer=3213, remarks=323]','2017-11-27 21:32:17','删除操作',1),(560,'查询商品信息','2017-11-27 21:32:17','查询操作',1),(561,'删除商品信息Goods [id=39, code=0030, name=好看的衣服, model=V2, type=GoodsType [id=6, name=连衣裙, state=0, icon=icon-folder, pId=2], unit=件, lastPurchasingPrice=180.0, purchasingPrice=180.0, sellingPrice=300.0, inventoryQuantity=0, minNum=18, state=0, producer=南京服饰是, remarks=111]','2017-11-27 21:32:20','删除操作',1),(562,'查询商品信息','2017-11-27 21:32:20','查询操作',1),(563,'删除商品信息Goods [id=38, code=0029, name=3, model=2, type=GoodsType [id=2, name=服饰, state=1, icon=icon-folder, pId=1], unit=盒, lastPurchasingPrice=4.0, purchasingPrice=4.0, sellingPrice=4.0, inventoryQuantity=0, minNum=4, state=0, producer=32, remarks=32]','2017-11-27 21:32:23','删除操作',1),(564,'查询商品信息','2017-11-27 21:32:23','查询操作',1),(565,'删除商品信息Goods [id=37, code=0028, name=ddfas, model=21, type=GoodsType [id=11, name=休闲食品, state=0, icon=icon-folder, pId=3], unit=袋, lastPurchasingPrice=1.0, purchasingPrice=1.0, sellingPrice=3.0, inventoryQuantity=0, minNum=2121, state=0, producer=22, remarks=]','2017-11-27 21:32:25','删除操作',1),(566,'查询商品信息','2017-11-27 21:32:26','查询操作',1),(567,'用户登录','2017-11-27 21:57:55','登录操作',1),(568,'查询所有商品类别信息','2017-11-27 21:57:58','查询操作',1),(569,'查询商品单位信息','2017-11-27 21:57:58','查询操作',1),(570,'查询商品单位信息','2017-11-27 21:57:58','查询操作',1),(571,'查询商品信息','2017-11-27 21:57:58','查询操作',1),(572,'查询商品信息','2017-11-27 21:58:09','查询操作',1),(573,'用户登录','2017-11-27 22:09:49','登录操作',1),(574,'查询所有商品类别信息','2017-11-27 22:09:52','查询操作',1),(575,'查询商品单位信息','2017-11-27 22:09:52','查询操作',1),(576,'查询商品单位信息','2017-11-27 22:09:52','查询操作',1),(577,'查询商品信息','2017-11-27 22:09:52','查询操作',1),(578,'查询商品信息','2017-11-27 22:09:53','查询操作',1),(579,'添加商品信息Goods [id=null, code=0027, name=1, model=2, type=GoodsType [id=11, name=null, state=null, icon=null, pId=null], unit=袋, lastPurchasingPrice=0.0, purchasingPrice=3.0, sellingPrice=4.0, inventoryQuantity=0, minNum=5, state=0, producer=6, remarks=6]','2017-11-27 22:10:07','添加操作',1),(580,'查询商品信息','2017-11-27 22:10:07','查询操作',1),(581,'查询商品信息','2017-11-27 22:10:09','查询操作',1),(582,'添加商品信息Goods [id=null, code=0028, name=12, model=312, type=GoodsType [id=11, name=null, state=null, icon=null, pId=null], unit=盒, lastPurchasingPrice=0.0, purchasingPrice=321.0, sellingPrice=321.0, inventoryQuantity=0, minNum=321, state=0, producer=321, remarks=321]','2017-11-27 22:10:30','添加操作',1),(583,'查询商品信息','2017-11-27 22:10:30','查询操作',1),(584,'添加商品信息Goods [id=null, code=0029, name=321, model=321, type=GoodsType [id=11, name=null, state=null, icon=null, pId=null], unit=箱, lastPurchasingPrice=0.0, purchasingPrice=312.0, sellingPrice=321.0, inventoryQuantity=0, minNum=312, state=0, producer=312, remarks=321]','2017-11-27 22:10:41','添加操作',1),(585,'查询商品信息','2017-11-27 22:10:41','查询操作',1),(586,'查询所有商品类别信息','2017-11-27 22:12:27','查询操作',1),(587,'查询商品信息','2017-11-27 22:12:27','查询操作',1),(588,'查询商品单位信息','2017-11-27 22:12:27','查询操作',1),(589,'查询商品单位信息','2017-11-27 22:12:27','查询操作',1),(590,'查询商品信息','2017-11-27 22:12:29','查询操作',1),(591,'查询商品信息','2017-11-27 22:12:30','查询操作',1),(592,'更新商品信息Goods [id=44, code=0029, name=3212, model=3212, type=GoodsType [id=11, name=null, state=null, icon=null, pId=null], unit=个, lastPurchasingPrice=0.0, purchasingPrice=3122.0, sellingPrice=3212.0, inventoryQuantity=0, minNum=3122, state=0, producer=3122, remarks=3212]','2017-11-27 22:12:46','更新操作',1),(593,'查询商品信息','2017-11-27 22:12:46','查询操作',1),(594,'查询所有商品类别信息','2017-11-27 22:13:51','查询操作',1),(595,'查询商品信息','2017-11-27 22:13:51','查询操作',1),(596,'查询商品单位信息','2017-11-27 22:13:51','查询操作',1),(597,'查询商品单位信息','2017-11-27 22:13:51','查询操作',1),(598,'查询商品信息','2017-11-27 22:13:51','查询操作',1),(599,'查询商品信息','2017-11-27 22:13:52','查询操作',1),(600,'查询商品信息','2017-11-27 22:13:53','查询操作',1),(601,'更新商品信息Goods [id=44, code=0029, name=32124, model=32124, type=GoodsType [id=11, name=null, state=null, icon=null, pId=null], unit=条, lastPurchasingPrice=0.0, purchasingPrice=31224.0, sellingPrice=32124.0, inventoryQuantity=0, minNum=31224, state=0, producer=31224, remarks=32124]','2017-11-27 22:14:06','更新操作',1),(602,'查询商品信息','2017-11-27 22:14:06','查询操作',1),(603,'查询所有商品类别信息','2017-11-27 22:14:10','查询操作',1),(604,'更新商品信息Goods [id=44, code=0029, name=32124, model=32124, type=GoodsType [id=4, name=null, state=null, icon=null, pId=null], unit=个, lastPurchasingPrice=0.0, purchasingPrice=31224.0, sellingPrice=32124.0, inventoryQuantity=0, minNum=31224, state=0, producer=31224, remarks=32124]','2017-11-27 22:14:15','更新操作',1),(605,'查询商品信息','2017-11-27 22:14:15','查询操作',1),(606,'查询商品信息','2017-11-27 22:14:27','查询操作',1),(607,'查询商品信息','2017-11-27 22:14:29','查询操作',1),(608,'查询商品信息','2017-11-27 22:14:30','查询操作',1),(609,'查询所有商品类别信息','2017-11-27 22:16:02','查询操作',1),(610,'查询商品单位信息','2017-11-27 22:16:02','查询操作',1),(611,'查询商品信息','2017-11-27 22:16:02','查询操作',1),(612,'查询商品单位信息','2017-11-27 22:16:02','查询操作',1),(613,'查询商品信息','2017-11-27 22:16:02','查询操作',1),(614,'查询商品信息','2017-11-27 22:16:03','查询操作',1),(615,'查询商品信息','2017-11-27 22:16:04','查询操作',1),(616,'删除商品信息Goods [id=43, code=0028, name=12, model=312, type=GoodsType [id=11, name=休闲食品, state=0, icon=icon-folder, pId=3], unit=盒, lastPurchasingPrice=321.0, purchasingPrice=321.0, sellingPrice=321.0, inventoryQuantity=0, minNum=321, state=0, producer=321, remarks=321]','2017-11-27 22:16:08','删除操作',1),(617,'查询商品信息','2017-11-27 22:16:08','查询操作',1),(618,'删除商品信息Goods [id=42, code=0027, name=1, model=2, type=GoodsType [id=11, name=休闲食品, state=0, icon=icon-folder, pId=3], unit=袋, lastPurchasingPrice=3.0, purchasingPrice=3.0, sellingPrice=4.0, inventoryQuantity=0, minNum=5, state=0, producer=6, remarks=6]','2017-11-27 22:16:10','删除操作',1),(619,'查询商品信息','2017-11-27 22:16:11','查询操作',1),(620,'查询商品信息','2017-11-27 22:16:27','查询操作',1),(621,'查询商品信息','2017-11-27 22:16:27','查询操作',1),(622,'查询商品信息','2017-11-27 22:16:31','查询操作',1),(623,'用户登录','2017-11-28 21:18:46','登录操作',1),(624,'查询商品信息（无库存）','2017-11-28 21:18:48','查询操作',1),(625,'查询商品信息（有库存）','2017-11-28 21:18:48','查询操作',1),(626,'查询商品信息（有库存）','2017-11-28 21:18:52','查询操作',1),(627,'查询商品信息（有库存）','2017-11-28 21:18:53','查询操作',1),(628,'查询商品信息（无库存）','2017-11-28 21:18:57','查询操作',1),(629,'查询商品信息（无库存）','2017-11-28 21:18:58','查询操作',1),(630,'查询商品信息（无库存）','2017-11-28 21:18:59','查询操作',1),(631,'查询商品信息（无库存）','2017-11-28 21:18:59','查询操作',1),(632,'查询商品信息（无库存）','2017-11-28 21:18:59','查询操作',1),(633,'查询商品信息（无库存）','2017-11-28 21:19:00','查询操作',1),(634,'查询商品信息（无库存）','2017-11-28 21:19:05','查询操作',1),(635,'查询商品信息（有库存）','2017-11-28 21:19:09','查询操作',1),(636,'查询商品信息（有库存）','2017-11-28 21:19:09','查询操作',1),(637,'查询商品信息（有库存）','2017-11-28 21:19:09','查询操作',1),(638,'查询商品信息（有库存）','2017-11-28 21:19:10','查询操作',1),(639,'查询商品信息（有库存）','2017-11-28 21:19:10','查询操作',1),(640,'查询商品信息（有库存）','2017-11-28 21:19:10','查询操作',1),(641,'查询商品信息（有库存）','2017-11-28 21:19:11','查询操作',1),(642,'查询商品信息（有库存）','2017-11-28 21:19:11','查询操作',1),(643,'查询商品信息（有库存）','2017-11-28 21:19:11','查询操作',1),(644,'查询商品信息（有库存）','2017-11-28 21:19:11','查询操作',1),(645,'查询商品信息（有库存）','2017-11-28 21:19:12','查询操作',1),(646,'用户登录','2017-11-28 22:03:30','登录操作',1),(647,'查询商品信息(有库存)','2017-11-28 22:04:29','查询操作',1),(648,'查询商品信息(无库存)','2017-11-28 22:04:29','查询操作',1),(649,'查询商品信息(有库存)','2017-11-28 22:05:19','查询操作',1),(650,'查询商品信息(无库存)','2017-11-28 22:05:19','查询操作',1),(651,'查询商品信息(有库存)','2017-11-28 22:05:38','查询操作',1),(652,'查询商品信息(无库存)','2017-11-28 22:05:38','查询操作',1),(653,'查询商品信息(有库存)','2017-11-28 22:05:56','查询操作',1),(654,'查询商品信息(无库存)','2017-11-28 22:05:56','查询操作',1),(655,'查询商品信息(有库存)','2017-11-28 22:06:15','查询操作',1),(656,'查询商品信息(有库存)','2017-11-28 22:06:16','查询操作',1),(657,'查询商品信息(有库存)','2017-11-28 22:08:51','查询操作',1),(658,'查询商品信息(无库存)','2017-11-28 22:08:51','查询操作',1),(659,'查询商品信息(无库存)','2017-11-28 22:08:54','查询操作',1),(660,'查询商品信息(无库存)','2017-11-28 22:08:54','查询操作',1),(661,'查询商品信息(无库存)','2017-11-28 22:08:55','查询操作',1),(662,'查询商品信息(无库存)','2017-11-28 22:08:55','查询操作',1),(663,'查询商品信息(无库存)','2017-11-28 22:08:55','查询操作',1),(664,'查询商品信息(无库存)','2017-11-28 22:08:55','查询操作',1),(665,'查询商品信息(无库存)','2017-11-28 22:08:55','查询操作',1),(666,'查询商品信息(无库存)','2017-11-28 22:08:58','查询操作',1),(667,'查询商品信息(无库存)','2017-11-28 22:08:58','查询操作',1),(668,'查询商品信息(无库存)','2017-11-28 22:08:59','查询操作',1),(669,'查询商品信息(无库存)','2017-11-28 22:09:00','查询操作',1),(670,'查询商品信息(无库存)','2017-11-28 22:09:01','查询操作',1),(671,'查询商品信息(无库存)','2017-11-28 22:10:16','查询操作',1),(672,'查询商品信息(有库存)','2017-11-28 22:10:16','查询操作',1),(673,'查询商品信息(无库存)','2017-11-28 22:10:21','查询操作',1),(674,'查询商品信息(无库存)','2017-11-28 22:10:21','查询操作',1),(675,'查询商品信息(无库存)','2017-11-28 22:10:21','查询操作',1),(676,'查询商品信息(无库存)','2017-11-28 22:10:22','查询操作',1),(677,'查询商品信息(无库存)','2017-11-28 22:10:22','查询操作',1),(678,'查询商品信息(无库存)','2017-11-28 22:10:23','查询操作',1),(679,'查询商品信息(无库存)','2017-11-28 22:10:23','查询操作',1),(680,'查询商品信息(无库存)','2017-11-28 22:10:24','查询操作',1),(681,'查询商品信息(无库存)','2017-11-28 22:10:31','查询操作',1),(682,'查询商品信息(有库存)','2017-11-28 22:10:31','查询操作',1),(683,'查询商品信息(有库存)','2017-11-28 22:10:33','查询操作',1),(684,'查询商品信息(有库存)','2017-11-28 22:10:33','查询操作',1),(685,'查询商品信息(有库存)','2017-11-28 22:10:34','查询操作',1),(686,'查询商品信息(有库存)','2017-11-28 22:10:39','查询操作',1),(687,'查询商品信息(有库存)','2017-11-28 22:10:41','查询操作',1),(688,'查询商品信息(无库存)','2017-11-28 22:10:52','查询操作',1),(689,'查询商品信息(有库存)','2017-11-28 22:10:52','查询操作',1),(690,'查询商品信息(有库存)','2017-11-28 22:10:53','查询操作',1),(691,'查询商品信息(有库存)','2017-11-28 22:10:55','查询操作',1),(692,'查询商品信息(有库存)','2017-11-28 22:10:56','查询操作',1),(693,'查询商品信息(有库存)','2017-11-28 22:10:56','查询操作',1),(694,'查询商品信息(有库存)','2017-11-28 22:10:56','查询操作',1),(695,'查询商品信息(有库存)','2017-11-28 22:10:57','查询操作',1),(696,'查询商品信息(有库存)','2017-11-28 22:10:57','查询操作',1),(697,'查询商品信息(有库存)','2017-11-28 22:10:58','查询操作',1),(698,'查询商品信息(有库存)','2017-11-28 22:10:58','查询操作',1),(699,'查询商品信息(有库存)','2017-11-28 22:10:58','查询操作',1),(700,'查询商品信息(有库存)','2017-11-28 22:10:58','查询操作',1),(701,'查询商品信息(有库存)','2017-11-28 22:10:59','查询操作',1),(702,'查询商品信息(有库存)','2017-11-28 22:10:59','查询操作',1),(703,'查询商品信息(有库存)','2017-11-28 22:10:59','查询操作',1),(704,'查询商品信息(有库存)','2017-11-28 22:10:59','查询操作',1),(705,'查询商品信息(有库存)','2017-11-28 22:10:59','查询操作',1),(706,'查询商品信息(有库存)','2017-11-28 22:11:00','查询操作',1),(707,'查询商品信息(有库存)','2017-11-28 22:11:00','查询操作',1),(708,'查询商品信息(有库存)','2017-11-28 22:11:00','查询操作',1),(709,'查询商品信息(有库存)','2017-11-28 22:11:00','查询操作',1),(710,'查询商品信息(有库存)','2017-11-28 22:11:00','查询操作',1),(711,'查询商品信息(有库存)','2017-11-28 22:11:01','查询操作',1),(712,'查询商品信息(有库存)','2017-11-28 22:11:01','查询操作',1),(713,'查询商品信息(有库存)','2017-11-28 22:11:04','查询操作',1),(714,'查询商品信息(无库存)','2017-11-28 22:11:26','查询操作',1),(715,'查询商品信息(有库存)','2017-11-28 22:11:26','查询操作',1),(716,'查询商品信息(有库存)','2017-11-28 22:11:58','查询操作',1),(717,'查询商品信息(有库存)','2017-11-28 22:11:58','查询操作',1),(718,'用户登录','2017-11-29 20:31:37','登录操作',1),(719,'查询商品信息(无库存)','2017-11-29 20:33:13','查询操作',1),(720,'查询商品信息(有库存)','2017-11-29 20:33:13','查询操作',1),(721,'查询商品信息(有库存)','2017-11-29 20:33:13','查询操作',1),(722,'查询商品信息(无库存)','2017-11-29 20:33:13','查询操作',1),(723,'修改商品Goods [id=25, code=0016, name=21, model=X, type=GoodsType [id=3, name=食品, state=1, icon=icon-folder, pId=1], unit=盒, lastPurchasingPrice=99.0, purchasingPrice=99.0, sellingPrice=120.0, inventoryQuantity=3, minNum=12, state=0, producer=32, remarks=21]，价格=99.0,库存=3','2017-11-29 20:33:26','更新操作',1),(724,'查询商品信息(无库存)','2017-11-29 20:33:26','查询操作',1),(725,'查询商品信息(有库存)','2017-11-29 20:33:26','查询操作',1),(726,'查询商品信息(有库存)','2017-11-29 20:33:28','查询操作',1),(727,'修改商品Goods [id=25, code=0016, name=21, model=X, type=GoodsType [id=3, name=食品, state=1, icon=icon-folder, pId=1], unit=盒, lastPurchasingPrice=100.0, purchasingPrice=100.0, sellingPrice=120.0, inventoryQuantity=4, minNum=12, state=0, producer=32, remarks=21]，价格=100.0,库存=4','2017-11-29 20:36:59','更新操作',1),(728,'查询商品信息(有库存)','2017-11-29 20:36:59','查询操作',1),(729,'查询商品信息(无库存)','2017-11-29 20:36:59','查询操作',1),(730,'查询商品信息(有库存)','2017-11-29 20:37:19','查询操作',1),(731,'查询商品信息(无库存)','2017-11-29 20:37:19','查询操作',1),(732,'用户登录','2017-11-29 21:52:11','登录操作',1),(733,'查询商品信息(无库存)','2017-11-29 21:52:14','查询操作',1),(734,'查询商品信息(无库存)','2017-11-29 21:52:14','查询操作',1),(735,'查询商品信息(有库存)','2017-11-29 21:52:14','查询操作',1),(736,'查询商品信息(有库存)','2017-11-29 21:52:14','查询操作',1),(737,'查询商品信息(无库存)','2017-11-29 21:52:18','查询操作',1),(738,'修改商品信息：Goods [id=25, code=0016, name=21, model=X, type=GoodsType [id=3, name=食品, state=1, icon=icon-folder, pId=1], unit=盒, lastPurchasingPrice=101.0, purchasingPrice=101.0, sellingPrice=120.0, inventoryQuantity=244, minNum=12, state=0, producer=32, remarks=21]，价格=101.0,库存=244','2017-11-29 21:52:39','更新操作',1),(739,'查询商品信息(无库存)','2017-11-29 21:52:39','查询操作',1),(740,'查询商品信息(有库存)','2017-11-29 21:52:39','查询操作',1),(741,'查询商品信息(有库存)','2017-11-29 21:52:42','查询操作',1),(742,'查询商品信息(有库存)','2017-11-29 21:53:15','查询操作',1),(743,'修改商品信息：Goods [id=25, code=0016, name=21, model=X, type=GoodsType [id=3, name=食品, state=1, icon=icon-folder, pId=1], unit=盒, lastPurchasingPrice=102.0, purchasingPrice=102.0, sellingPrice=120.0, inventoryQuantity=245, minNum=12, state=0, producer=32, remarks=21]，价格=102.0,库存=245','2017-11-29 21:53:28','更新操作',1),(744,'查询商品信息(有库存)','2017-11-29 21:53:28','查询操作',1),(745,'查询商品信息(无库存)','2017-11-29 21:53:28','查询操作',1),(746,'修改商品信息：Goods [id=25, code=0016, name=21, model=X, type=GoodsType [id=3, name=食品, state=1, icon=icon-folder, pId=1], unit=盒, lastPurchasingPrice=103.0, purchasingPrice=103.0, sellingPrice=120.0, inventoryQuantity=2451, minNum=12, state=0, producer=32, remarks=21]，价格=103.0,库存=2451','2017-11-29 21:53:41','更新操作',1),(747,'查询商品信息(有库存)','2017-11-29 21:53:42','查询操作',1),(748,'查询商品信息(无库存)','2017-11-29 21:53:42','查询操作',1),(749,'修改商品信息Goods [id=25, code=0016, name=21, model=X, type=GoodsType [id=3, name=食品, state=1, icon=icon-folder, pId=1], unit=盒, lastPurchasingPrice=103.0, purchasingPrice=103.0, sellingPrice=120.0, inventoryQuantity=0, minNum=12, state=0, producer=32, remarks=21]','2017-11-29 21:53:46','更新操作',1),(750,'查询商品信息(有库存)','2017-11-29 21:53:46','查询操作',1),(751,'查询商品信息(无库存)','2017-11-29 21:53:46','查询操作',1),(752,'修改商品信息：Goods [id=30, code=0021, name=Xiaomi/小米 小米电视4A 32英寸 智能液晶平板电视机, model=4A , type=GoodsType [id=12, name=电视机, state=0, icon=icon-folder, pId=4], unit=台, lastPurchasingPrice=721.0, purchasingPrice=721.0, sellingPrice=1199.0, inventoryQuantity=1000, minNum=320, state=0, producer=cc, remarks=]，价格=721.0,库存=1000','2017-11-29 21:54:09','更新操作',1),(753,'查询商品信息(无库存)','2017-11-29 21:54:09','查询操作',1),(754,'查询商品信息(有库存)','2017-11-29 21:54:09','查询操作',1),(755,'用户登录','2017-11-30 21:52:57','登录操作',1),(756,'用户登录','2017-12-01 20:50:03','登录操作',1),(757,'用户登录','2017-12-01 21:15:43','登录操作',1),(758,'用户登录','2017-12-01 21:22:36','登录操作',1),(759,'用户登录','2017-12-01 21:23:33','登录操作',1),(760,'用户登录','2017-12-01 21:47:35','登录操作',1),(761,'用户登录','2017-12-02 20:26:30','登录操作',1),(762,'用户登录','2017-12-02 20:59:32','登录操作',1),(763,'查询商品信息','2017-12-02 20:59:34','查询操作',1),(764,'查询所有商品类别信息','2017-12-02 20:59:35','查询操作',1),(765,'查询商品信息','2017-12-02 21:00:53','查询操作',1),(766,'查询所有商品类别信息','2017-12-02 21:00:55','查询操作',1),(767,'查询商品信息','2017-12-02 21:01:25','查询操作',1),(768,'查询所有商品类别信息','2017-12-02 21:01:25','查询操作',1),(769,'查询商品信息','2017-12-02 21:01:27','查询操作',1),(770,'查询商品信息','2017-12-02 21:01:28','查询操作',1),(771,'查询商品信息','2017-12-02 21:01:30','查询操作',1),(772,'添加商品类别信息','2017-12-02 21:01:37','添加操作',1),(773,'查询所有商品类别信息','2017-12-02 21:01:37','查询操作',1),(774,'查询商品信息','2017-12-02 21:01:40','查询操作',1),(775,'查询商品信息','2017-12-02 21:01:42','查询操作',1),(776,'查询商品信息','2017-12-02 21:01:42','查询操作',1),(777,'查询商品信息','2017-12-02 21:02:49','查询操作',1),(778,'查询所有商品类别信息','2017-12-02 21:02:49','查询操作',1),(779,'查询商品信息','2017-12-02 21:02:52','查询操作',1),(780,'添加商品类别信息','2017-12-02 21:02:56','添加操作',1),(781,'查询所有商品类别信息','2017-12-02 21:03:21','查询操作',1),(782,'查询商品信息','2017-12-02 21:03:23','查询操作',1),(783,'查询商品信息','2017-12-02 21:03:25','查询操作',1),(784,'添加商品类别信息','2017-12-02 21:03:30','添加操作',1),(785,'查询商品信息','2017-12-02 21:03:59','查询操作',1),(786,'查询所有商品类别信息','2017-12-02 21:04:00','查询操作',1),(787,'查询商品信息','2017-12-02 21:04:02','查询操作',1),(788,'查询商品信息','2017-12-02 21:04:04','查询操作',1),(789,'查询商品信息','2017-12-02 21:04:05','查询操作',1),(790,'添加商品类别信息','2017-12-02 21:04:08','添加操作',1),(791,'查询商品信息','2017-12-02 21:06:13','查询操作',1),(792,'查询所有商品类别信息','2017-12-02 21:06:14','查询操作',1),(793,'查询商品信息','2017-12-02 21:06:16','查询操作',1),(794,'查询商品信息','2017-12-02 21:06:21','查询操作',1),(795,'添加商品类别信息','2017-12-02 21:06:31','添加操作',1),(796,'查询商品信息','2017-12-02 21:07:54','查询操作',1),(797,'查询所有商品类别信息','2017-12-02 21:07:55','查询操作',1),(798,'查询商品信息','2017-12-02 21:08:00','查询操作',1),(799,'查询商品信息','2017-12-02 21:08:02','查询操作',1),(800,'查询商品信息','2017-12-02 21:08:03','查询操作',1),(801,'查询商品信息','2017-12-02 21:08:03','查询操作',1),(802,'查询商品信息','2017-12-02 21:08:04','查询操作',1),(803,'查询商品信息','2017-12-02 21:08:05','查询操作',1),(804,'删除商品类别信息GoodsType [id=26, name=`, state=0, icon=icon-folder, pId=25]','2017-12-02 21:08:06','删除操作',1),(805,'查询所有商品类别信息','2017-12-02 21:08:06','查询操作',1),(806,'查询商品信息','2017-12-02 21:08:10','查询操作',1),(807,'删除商品类别信息GoodsType [id=25, name=2, state=0, icon=icon-folder, pId=24]','2017-12-02 21:08:12','删除操作',1),(808,'查询所有商品类别信息','2017-12-02 21:08:12','查询操作',1),(809,'查询商品信息','2017-12-02 21:08:16','查询操作',1),(810,'添加商品类别信息','2017-12-02 21:08:20','添加操作',1),(811,'查询商品信息','2017-12-02 21:09:58','查询操作',1),(812,'查询所有商品类别信息','2017-12-02 21:09:58','查询操作',1),(813,'查询商品信息','2017-12-02 21:10:00','查询操作',1),(814,'查询商品信息','2017-12-02 21:10:08','查询操作',1),(815,'删除商品类别信息GoodsType [id=27, name=3, state=0, icon=icon-folder, pId=24]','2017-12-02 21:10:09','删除操作',1),(816,'查询所有商品类别信息','2017-12-02 21:10:09','查询操作',1),(817,'查询商品信息','2017-12-02 21:10:10','查询操作',1),(818,'查询商品信息','2017-12-02 21:10:13','查询操作',1),(819,'查询商品信息','2017-12-02 21:10:15','查询操作',1),(820,'删除商品类别信息GoodsType [id=24, name=2, state=0, icon=icon-folder, pId=23]','2017-12-02 21:10:15','删除操作',1),(821,'查询所有商品类别信息','2017-12-02 21:10:16','查询操作',1),(822,'查询商品信息','2017-12-02 21:10:17','查询操作',1),(823,'查询商品信息','2017-12-02 21:10:19','查询操作',1),(824,'删除商品类别信息GoodsType [id=23, name=xx信息, state=0, icon=icon-folder, pId=22]','2017-12-02 21:10:21','删除操作',1),(825,'查询所有商品类别信息','2017-12-02 21:10:21','查询操作',1),(826,'查询商品信息','2017-12-02 21:10:22','查询操作',1),(827,'查询商品信息','2017-12-02 21:10:23','查询操作',1),(828,'查询商品信息','2017-12-02 21:10:24','查询操作',1),(829,'删除商品类别信息GoodsType [id=22, name=xx, state=0, icon=icon-folder, pId=11]','2017-12-02 21:10:25','删除操作',1),(830,'查询所有商品类别信息','2017-12-02 21:10:25','查询操作',1),(831,'查询商品信息','2017-12-02 21:10:28','查询操作',1),(832,'查询所有商品类别信息','2017-12-02 21:13:08','查询操作',1),(833,'查询商品信息','2017-12-02 21:14:52','查询操作',1),(834,'查询所有商品类别信息','2017-12-02 21:14:53','查询操作',1),(835,'用户登录','2017-12-02 21:22:06','登录操作',1),(836,'查询商品信息','2017-12-02 21:22:08','查询操作',1),(837,'查询所有商品类别信息','2017-12-02 21:22:25','查询操作',1),(838,'查询商品信息','2017-12-02 21:22:28','查询操作',1),(839,'查询商品信息','2017-12-02 21:22:31','查询操作',1),(840,'查询商品信息','2017-12-02 21:22:33','查询操作',1),(841,'查询商品信息','2017-12-02 21:22:35','查询操作',1),(842,'查询商品信息','2017-12-02 21:22:40','查询操作',1),(843,'查询商品信息','2017-12-02 21:22:45','查询操作',1),(844,'查询商品信息','2017-12-02 21:22:45','查询操作',1),(845,'查询商品信息','2017-12-02 21:22:45','查询操作',1),(846,'查询商品信息','2017-12-02 21:22:52','查询操作',1),(847,'查询所有商品类别信息','2017-12-02 21:26:51','查询操作',1),(848,'查询商品单位信息','2017-12-02 21:26:51','查询操作',1),(849,'查询商品单位信息','2017-12-02 21:26:51','查询操作',1),(850,'查询商品信息','2017-12-02 21:26:51','查询操作',1),(851,'查询商品信息','2017-12-02 21:26:51','查询操作',1),(852,'用户登录','2017-12-02 21:54:48','登录操作',1),(853,'查询商品信息','2017-12-02 21:54:50','查询操作',1),(854,'查询所有商品类别信息','2017-12-02 21:54:51','查询操作',1),(855,'查询商品信息','2017-12-02 21:54:56','查询操作',1),(856,'查询商品信息','2017-12-02 21:55:02','查询操作',1),(857,'查询商品信息','2017-12-02 21:55:03','查询操作',1),(858,'查询商品信息','2017-12-02 21:55:03','查询操作',1),(859,'查询商品信息','2017-12-02 21:55:04','查询操作',1),(860,'查询商品信息','2017-12-02 21:55:05','查询操作',1),(861,'查询商品信息','2017-12-02 21:55:48','查询操作',1),(862,'查询所有商品类别信息','2017-12-02 21:55:48','查询操作',1),(863,'查询商品信息','2017-12-02 21:55:54','查询操作',1),(864,'查询商品信息','2017-12-02 21:55:54','查询操作',1),(865,'查询商品信息','2017-12-02 21:55:55','查询操作',1),(866,'查询商品信息','2017-12-02 21:55:56','查询操作',1),(867,'查询商品信息','2017-12-02 21:56:01','查询操作',1),(868,'查询商品信息','2017-12-02 22:00:18','查询操作',1),(869,'查询所有商品类别信息','2017-12-02 22:00:19','查询操作',1),(870,'查询商品信息','2017-12-02 22:00:21','查询操作',1),(871,'添加商品类别信息','2017-12-02 22:00:28','添加操作',1),(872,'查询所有商品类别信息','2017-12-02 22:00:28','查询操作',1),(873,'查询商品信息','2017-12-02 22:00:48','查询操作',1),(874,'查询所有商品类别信息','2017-12-02 22:00:49','查询操作',1),(875,'查询商品信息','2017-12-02 22:00:50','查询操作',1),(876,'添加商品类别信息','2017-12-02 22:00:54','添加操作',1),(877,'查询所有商品类别信息','2017-12-02 22:00:54','查询操作',1),(878,'查询商品信息','2017-12-02 22:01:28','查询操作',1),(879,'删除商品类别信息GoodsType [id=29, name=2, state=0, icon=icon-folder, pId=28]','2017-12-02 22:01:50','删除操作',1),(880,'查询所有商品类别信息','2017-12-02 22:01:50','查询操作',1),(881,'查询商品信息','2017-12-02 22:01:52','查询操作',1),(882,'删除商品类别信息GoodsType [id=28, name=s是, state=0, icon=icon-folder, pId=21]','2017-12-02 22:01:52','删除操作',1),(883,'查询所有商品类别信息','2017-12-02 22:01:52','查询操作',1),(884,'查询商品信息','2017-12-02 22:01:56','查询操作',1),(885,'查询所有商品类别信息','2017-12-02 22:02:05','查询操作',1),(886,'查询所有商品类别信息','2017-12-02 22:02:08','查询操作',1),(887,'查询所有商品类别信息','2017-12-02 22:02:08','查询操作',1),(888,'用户登录','2017-12-02 22:05:21','登录操作',1),(889,'查询商品信息','2017-12-02 22:05:23','查询操作',1),(890,'查询所有商品类别信息','2017-12-02 22:05:24','查询操作',1),(891,'查询商品信息','2017-12-02 22:05:29','查询操作',1),(892,'查询商品信息','2017-12-02 22:05:32','查询操作',1),(893,'查询商品信息','2017-12-02 22:05:36','查询操作',1),(894,'查询商品信息','2017-12-02 22:05:42','查询操作',1),(895,'查询商品信息','2017-12-02 22:05:45','查询操作',1),(896,'用户登录','2017-12-03 21:27:38','登录操作',1),(897,'查询商品信息','2017-12-03 21:27:44','查询操作',1),(898,'查询商品信息','2017-12-03 21:27:44','查询操作',1),(899,'查询所有商品类别信息','2017-12-03 21:27:45','查询操作',1),(900,'查询商品信息','2017-12-03 21:28:17','查询操作',1),(901,'查询商品信息','2017-12-03 21:28:17','查询操作',1),(902,'查询所有商品类别信息','2017-12-03 21:28:19','查询操作',1),(903,'查询商品信息','2017-12-03 21:28:29','查询操作',1),(904,'查询商品信息','2017-12-03 21:28:29','查询操作',1),(905,'查询所有商品类别信息','2017-12-03 21:28:29','查询操作',1),(906,'查询商品信息','2017-12-03 21:31:21','查询操作',1),(907,'查询商品信息','2017-12-03 21:31:21','查询操作',1),(908,'查询所有商品类别信息','2017-12-03 21:31:22','查询操作',1),(909,'查询商品信息','2017-12-03 21:34:07','查询操作',1),(910,'查询商品信息','2017-12-03 21:34:07','查询操作',1),(911,'查询所有商品类别信息','2017-12-03 21:34:09','查询操作',1),(912,'查询商品信息','2017-12-03 21:34:52','查询操作',1),(913,'查询商品信息','2017-12-03 21:34:53','查询操作',1),(914,'查询所有商品类别信息','2017-12-03 21:34:53','查询操作',1),(915,'查询商品信息','2017-12-03 21:36:59','查询操作',1),(916,'查询商品信息','2017-12-03 21:36:59','查询操作',1),(917,'查询商品信息','2017-12-03 21:37:31','查询操作',1),(918,'查询商品信息','2017-12-03 21:37:31','查询操作',1),(919,'查询所有商品类别信息','2017-12-03 21:37:32','查询操作',1),(920,'查询商品信息','2017-12-03 21:37:51','查询操作',1),(921,'查询商品信息','2017-12-03 21:37:52','查询操作',1),(922,'查询所有商品类别信息','2017-12-03 21:37:54','查询操作',1),(923,'查询商品信息','2017-12-03 21:38:21','查询操作',1),(924,'查询商品信息','2017-12-03 21:38:21','查询操作',1),(925,'查询所有商品类别信息','2017-12-03 21:38:25','查询操作',1),(926,'查询所有商品类别信息','2017-12-03 21:38:32','查询操作',1),(927,'查询商品信息','2017-12-03 21:39:04','查询操作',1),(928,'查询商品信息','2017-12-03 21:39:04','查询操作',1),(929,'查询所有商品类别信息','2017-12-03 21:39:06','查询操作',1),(930,'查询商品信息','2017-12-03 21:40:11','查询操作',1),(931,'查询商品信息','2017-12-03 21:40:12','查询操作',1),(932,'查询所有商品类别信息','2017-12-03 21:40:12','查询操作',1),(933,'查询商品信息','2017-12-03 21:41:47','查询操作',1),(934,'查询商品信息','2017-12-03 21:41:47','查询操作',1),(935,'查询商品信息','2017-12-03 21:41:48','查询操作',1),(936,'查询商品信息','2017-12-03 21:41:48','查询操作',1),(937,'查询所有商品类别信息','2017-12-03 21:41:49','查询操作',1),(938,'查询商品信息','2017-12-03 21:42:53','查询操作',1),(939,'查询商品信息','2017-12-03 21:42:53','查询操作',1),(940,'查询所有商品类别信息','2017-12-03 21:42:54','查询操作',1),(941,'查询商品信息','2017-12-03 21:44:51','查询操作',1),(942,'查询商品信息','2017-12-03 21:44:51','查询操作',1),(943,'查询所有商品类别信息','2017-12-03 21:44:51','查询操作',1),(944,'查询所有商品类别信息','2017-12-03 21:46:02','查询操作',1),(945,'查询商品信息','2017-12-03 21:47:16','查询操作',1),(946,'查询商品信息','2017-12-03 21:47:16','查询操作',1),(947,'查询所有商品类别信息','2017-12-03 21:47:17','查询操作',1),(948,'查询商品信息','2017-12-03 21:54:27','查询操作',1),(949,'查询商品信息','2017-12-03 21:54:27','查询操作',1),(950,'查询所有商品类别信息','2017-12-03 21:58:00','查询操作',1),(951,'查询商品信息','2017-12-03 22:01:40','查询操作',1),(952,'查询商品信息','2017-12-03 22:01:40','查询操作',1),(953,'查询所有商品类别信息','2017-12-03 22:01:44','查询操作',1),(954,'查询商品信息','2017-12-03 22:02:23','查询操作',1),(955,'查询商品信息','2017-12-03 22:02:23','查询操作',1),(956,'查询所有商品类别信息','2017-12-03 22:02:24','查询操作',1),(957,'查询商品信息','2017-12-03 22:02:44','查询操作',1),(958,'查询商品信息','2017-12-03 22:02:44','查询操作',1),(959,'查询商品信息','2017-12-03 22:02:45','查询操作',1),(960,'查询商品信息','2017-12-03 22:02:45','查询操作',1),(961,'查询商品信息','2017-12-03 22:03:40','查询操作',1),(962,'查询商品信息','2017-12-03 22:03:41','查询操作',1),(963,'查询所有商品类别信息','2017-12-03 22:03:44','查询操作',1),(964,'查询商品信息','2017-12-03 22:04:02','查询操作',1),(965,'查询商品信息','2017-12-03 22:04:02','查询操作',1),(966,'查询所有商品类别信息','2017-12-03 22:04:03','查询操作',1),(967,'查询所有商品类别信息','2017-12-03 22:04:15','查询操作',1),(968,'用户登录','2017-12-03 22:40:46','登录操作',1),(969,'查询商品信息','2017-12-03 22:41:42','查询操作',1),(970,'查询所有商品类别信息','2017-12-03 22:41:43','查询操作',1),(971,'查询商品信息','2017-12-03 22:42:23','查询操作',1),(972,'查询所有商品类别信息','2017-12-03 22:42:24','查询操作',1),(973,'查询商品信息','2017-12-03 22:44:01','查询操作',1),(974,'查询商品信息','2017-12-03 22:44:01','查询操作',1),(975,'查询所有商品类别信息','2017-12-03 22:44:01','查询操作',1),(976,'查询商品信息','2017-12-03 22:45:53','查询操作',1),(977,'查询商品信息','2017-12-03 22:45:53','查询操作',1),(978,'查询所有商品类别信息','2017-12-03 22:45:54','查询操作',1),(979,'查询商品信息','2017-12-03 22:46:43','查询操作',1),(980,'查询商品信息','2017-12-03 22:46:43','查询操作',1),(981,'查询所有商品类别信息','2017-12-03 22:46:46','查询操作',1),(982,'查询商品信息','2017-12-03 22:54:39','查询操作',1),(983,'查询商品信息','2017-12-03 22:54:39','查询操作',1),(984,'查询所有商品类别信息','2017-12-03 22:54:39','查询操作',1),(985,'查询商品信息','2017-12-03 22:55:01','查询操作',1),(986,'查询商品信息','2017-12-03 22:55:01','查询操作',1),(987,'查询商品信息','2017-12-03 22:55:03','查询操作',1),(988,'查询商品信息','2017-12-03 22:55:03','查询操作',1),(989,'查询所有商品类别信息','2017-12-03 22:55:05','查询操作',1),(990,'查询所有商品类别信息','2017-12-03 22:55:08','查询操作',1),(991,'查询所有商品类别信息','2017-12-03 22:55:43','查询操作',1),(992,'查询商品信息','2017-12-03 22:56:07','查询操作',1),(993,'查询商品信息','2017-12-03 22:56:07','查询操作',1),(994,'查询所有商品类别信息','2017-12-03 22:56:08','查询操作',1),(995,'查询所有商品类别信息','2017-12-03 22:56:16','查询操作',1),(996,'查询商品信息','2017-12-03 22:59:21','查询操作',1),(997,'查询商品信息','2017-12-03 22:59:21','查询操作',1),(998,'查询所有商品类别信息','2017-12-03 22:59:22','查询操作',1),(999,'查询商品信息','2017-12-03 23:04:15','查询操作',1),(1000,'查询商品信息','2017-12-03 23:04:15','查询操作',1),(1001,'查询所有商品类别信息','2017-12-03 23:04:16','查询操作',1),(1002,'查询所有商品类别信息','2017-12-03 23:04:46','查询操作',1),(1003,'查询所有商品类别信息','2017-12-03 23:05:01','查询操作',1),(1004,'查询商品信息','2017-12-03 23:07:55','查询操作',1),(1005,'查询商品信息','2017-12-03 23:07:55','查询操作',1),(1006,'查询所有商品类别信息','2017-12-03 23:07:56','查询操作',1),(1007,'查询商品信息','2017-12-03 23:09:17','查询操作',1),(1008,'查询商品信息','2017-12-03 23:09:17','查询操作',1),(1009,'查询所有商品类别信息','2017-12-03 23:09:19','查询操作',1),(1010,'查询所有商品类别信息','2017-12-03 23:09:25','查询操作',1),(1011,'查询商品信息','2017-12-03 23:12:44','查询操作',1),(1012,'查询商品信息','2017-12-03 23:12:44','查询操作',1),(1013,'查询所有商品类别信息','2017-12-03 23:12:45','查询操作',1),(1014,'查询所有商品类别信息','2017-12-03 23:12:54','查询操作',1),(1015,'查询商品信息','2017-12-03 23:17:13','查询操作',1),(1016,'查询商品信息','2017-12-03 23:17:13','查询操作',1),(1017,'查询商品信息','2017-12-03 23:17:44','查询操作',1),(1018,'查询商品信息','2017-12-03 23:17:44','查询操作',1),(1019,'查询商品信息','2017-12-03 23:18:20','查询操作',1),(1020,'查询商品信息','2017-12-03 23:18:20','查询操作',1),(1021,'查询所有商品类别信息','2017-12-03 23:18:22','查询操作',1),(1022,'查询商品信息','2017-12-03 23:18:26','查询操作',1),(1023,'查询商品信息','2017-12-03 23:18:26','查询操作',1),(1024,'查询所有商品类别信息','2017-12-03 23:18:26','查询操作',1),(1025,'查询所有商品类别信息','2017-12-03 23:18:30','查询操作',1),(1026,'查询商品信息','2017-12-03 23:19:56','查询操作',1),(1027,'查询商品信息','2017-12-03 23:19:56','查询操作',1),(1028,'查询所有商品类别信息','2017-12-03 23:19:58','查询操作',1),(1029,'查询所有商品类别信息','2017-12-03 23:20:00','查询操作',1),(1030,'查询商品信息','2017-12-03 23:20:03','查询操作',1),(1031,'查询商品信息','2017-12-03 23:20:03','查询操作',1),(1032,'查询所有商品类别信息','2017-12-03 23:20:04','查询操作',1),(1033,'查询所有商品类别信息','2017-12-03 23:20:07','查询操作',1),(1034,'查询商品信息','2017-12-03 23:20:19','查询操作',1),(1035,'查询商品信息','2017-12-03 23:20:19','查询操作',1),(1036,'查询商品信息','2017-12-03 23:20:33','查询操作',1),(1037,'查询商品信息','2017-12-03 23:20:33','查询操作',1),(1038,'查询商品信息','2017-12-03 23:20:36','查询操作',1),(1039,'查询商品信息','2017-12-03 23:20:36','查询操作',1),(1040,'查询商品信息','2017-12-03 23:20:37','查询操作',1),(1041,'查询商品信息','2017-12-03 23:20:37','查询操作',1),(1042,'查询商品信息','2017-12-03 23:20:40','查询操作',1),(1043,'查询商品信息','2017-12-03 23:20:40','查询操作',1),(1044,'查询所有商品类别信息','2017-12-03 23:20:41','查询操作',1),(1045,'查询商品信息','2017-12-03 23:21:23','查询操作',1),(1046,'查询商品信息','2017-12-03 23:21:23','查询操作',1),(1047,'查询商品信息','2017-12-03 23:21:24','查询操作',1),(1048,'查询商品信息','2017-12-03 23:21:24','查询操作',1),(1049,'查询所有商品类别信息','2017-12-03 23:21:24','查询操作',1),(1050,'查询所有商品类别信息','2017-12-03 23:21:30','查询操作',1),(1051,'查询所有商品类别信息','2017-12-03 23:21:35','查询操作',1),(1052,'查询所有商品类别信息','2017-12-03 23:21:53','查询操作',1),(1053,'用户登录','2017-12-04 20:05:55','登录操作',1),(1054,'查询商品信息','2017-12-04 20:05:58','查询操作',1),(1055,'查询商品信息','2017-12-04 20:05:58','查询操作',1),(1056,'查询所有商品类别信息','2017-12-04 20:06:01','查询操作',1),(1057,'用户登录','2017-12-04 20:08:07','登录操作',1),(1058,'查询商品信息','2017-12-04 20:08:09','查询操作',1),(1059,'查询商品信息','2017-12-04 20:08:09','查询操作',1),(1060,'查询所有商品类别信息','2017-12-04 20:08:10','查询操作',1),(1061,'用户登录','2017-12-04 20:09:46','登录操作',1),(1062,'查询商品信息','2017-12-04 20:09:48','查询操作',1),(1063,'查询商品信息','2017-12-04 20:09:48','查询操作',1),(1064,'查询所有商品类别信息','2017-12-04 20:09:48','查询操作',1),(1065,'添加进货单','2017-12-04 20:09:55','添加操作',1),(1066,'查询商品信息','2017-12-04 20:09:57','查询操作',1),(1067,'查询商品信息','2017-12-04 20:09:57','查询操作',1),(1068,'查询所有商品类别信息','2017-12-04 20:11:08','查询操作',1),(1069,'添加进货单','2017-12-04 20:11:30','添加操作',1),(1070,'查询商品信息','2017-12-04 20:11:31','查询操作',1),(1071,'查询商品信息','2017-12-04 20:11:31','查询操作',1),(1072,'查询所有商品类别信息','2017-12-04 20:13:18','查询操作',1),(1073,'查询所有商品类别信息','2017-12-04 20:13:29','查询操作',1),(1074,'添加进货单','2017-12-04 20:13:38','添加操作',1),(1075,'查询商品信息','2017-12-04 20:13:39','查询操作',1),(1076,'查询商品信息','2017-12-04 20:13:39','查询操作',1),(1077,'查询商品信息','2017-12-04 20:17:55','查询操作',1),(1078,'查询商品信息','2017-12-04 20:17:55','查询操作',1),(1079,'查询所有商品类别信息','2017-12-04 20:17:57','查询操作',1),(1080,'查询商品信息','2017-12-04 20:17:59','查询操作',1),(1081,'查询所有商品类别信息','2017-12-04 20:18:08','查询操作',1),(1082,'查询商品信息','2017-12-04 20:18:10','查询操作',1),(1083,'添加进货单','2017-12-04 20:18:17','添加操作',1),(1084,'查询商品信息','2017-12-04 20:18:18','查询操作',1),(1085,'查询商品信息','2017-12-04 20:18:18','查询操作',1),(1086,'查询所有商品类别信息','2017-12-04 20:19:28','查询操作',1),(1087,'查询商品信息','2017-12-04 20:19:39','查询操作',1),(1088,'查询商品信息','2017-12-04 20:19:44','查询操作',1),(1089,'添加进货单','2017-12-04 20:19:59','添加操作',1),(1090,'查询商品信息','2017-12-04 20:20:00','查询操作',1),(1091,'查询商品信息','2017-12-04 20:20:00','查询操作',1),(1092,'查询所有商品类别信息','2017-12-04 20:20:01','查询操作',1),(1093,'查询商品信息','2017-12-04 20:20:02','查询操作',1),(1094,'查询商品信息','2017-12-04 20:20:03','查询操作',1),(1095,'用户登录','2017-12-04 21:53:50','登录操作',1),(1096,'查询商品信息','2017-12-04 21:53:52','查询操作',1),(1097,'查询商品信息','2017-12-04 21:53:52','查询操作',1),(1098,'查询所有商品类别信息','2017-12-04 21:53:54','查询操作',1),(1099,'用户登录','2017-12-04 22:32:26','登录操作',1),(1100,'查询商品信息','2017-12-04 22:32:28','查询操作',1),(1101,'查询商品信息','2017-12-04 22:32:28','查询操作',1),(1102,'查询所有商品类别信息','2017-12-04 22:32:29','查询操作',1),(1103,'查询所有商品类别信息','2017-12-04 22:32:36','查询操作',1),(1104,'添加进货单','2017-12-04 22:32:43','添加操作',1),(1105,'查询商品信息','2017-12-04 22:32:43','查询操作',1),(1106,'查询商品信息','2017-12-04 22:32:44','查询操作',1),(1107,'查询商品信息','2017-12-04 22:33:45','查询操作',1),(1108,'查询商品信息','2017-12-04 22:33:45','查询操作',1),(1109,'查询所有商品类别信息','2017-12-04 22:33:46','查询操作',1),(1110,'添加进货单','2017-12-04 22:34:01','添加操作',1),(1111,'查询商品信息','2017-12-04 22:34:02','查询操作',1),(1112,'查询商品信息','2017-12-04 22:34:02','查询操作',1),(1113,'查询所有商品类别信息','2017-12-04 22:34:10','查询操作',1),(1114,'查询所有商品类别信息','2017-12-04 22:34:41','查询操作',1),(1115,'添加进货单','2017-12-04 22:34:56','添加操作',1),(1116,'查询商品信息','2017-12-04 22:34:57','查询操作',1),(1117,'查询商品信息','2017-12-04 22:34:57','查询操作',1),(1118,'查询所有商品类别信息','2017-12-04 22:34:58','查询操作',1),(1119,'查询商品信息','2017-12-04 22:35:31','查询操作',1),(1120,'添加进货单','2017-12-04 22:36:04','添加操作',1),(1121,'查询商品信息','2017-12-04 22:36:05','查询操作',1),(1122,'查询商品信息','2017-12-04 22:36:05','查询操作',1),(1123,'查询所有商品类别信息','2017-12-04 22:36:06','查询操作',1),(1124,'查询商品信息','2017-12-04 22:36:09','查询操作',1),(1125,'添加进货单','2017-12-04 22:36:43','添加操作',1),(1126,'查询商品信息','2017-12-04 22:36:44','查询操作',1),(1127,'查询商品信息','2017-12-04 22:36:44','查询操作',1),(1128,'查询所有商品类别信息','2017-12-04 22:36:45','查询操作',1),(1129,'查询商品信息','2017-12-04 22:36:48','查询操作',1),(1130,'用户登录','2017-12-05 22:16:32','登录操作',1),(1131,'查询商品信息','2017-12-05 22:16:35','查询操作',1),(1132,'查询商品信息','2017-12-05 22:16:35','查询操作',1),(1133,'查询所有商品类别信息','2017-12-05 22:16:38','查询操作',1),(1134,'查询商品单位信息','2017-12-05 22:16:38','查询操作',1),(1135,'查询商品信息','2017-12-05 22:16:38','查询操作',1),(1136,'查询商品信息','2017-12-05 22:16:38','查询操作',1),(1137,'查询商品单位信息','2017-12-05 22:16:38','查询操作',1),(1138,'查询客户信息','2017-12-05 22:16:39','查询操作',1),(1139,'查询客户信息','2017-12-05 22:16:39','查询操作',1),(1140,'查询角色信息','2017-12-05 22:16:40','查询操作',1),(1141,'查询角色信息','2017-12-05 22:16:40','查询操作',1),(1142,'查询用户信息','2017-12-05 22:16:40','查询操作',1),(1143,'查询用户信息','2017-12-05 22:16:40','查询操作',1),(1144,'用户登录','2017-12-06 19:37:54','登录操作',1),(1145,'查询商品信息','2017-12-06 19:38:27','查询操作',1),(1146,'查询商品信息','2017-12-06 19:38:27','查询操作',1),(1147,'查询商品信息','2017-12-06 19:38:40','查询操作',1),(1148,'查询商品信息','2017-12-06 19:38:40','查询操作',1),(1149,'查询商品信息','2017-12-06 19:38:46','查询操作',1),(1150,'查询商品信息','2017-12-06 19:38:47','查询操作',1),(1151,'查询商品信息','2017-12-06 19:39:15','查询操作',1),(1152,'查询商品信息','2017-12-06 19:39:15','查询操作',1),(1153,'查询所有商品类别信息','2017-12-06 19:40:05','查询操作',1),(1154,'查询商品信息','2017-12-06 19:40:10','查询操作',1),(1155,'查询商品信息','2017-12-06 19:40:13','查询操作',1),(1156,'查询商品信息','2017-12-06 19:40:20','查询操作',1),(1157,'查询所有商品类别信息','2017-12-06 19:43:26','查询操作',1),(1158,'查询商品信息','2017-12-06 19:43:27','查询操作',1),(1159,'查询商品信息','2017-12-06 19:43:28','查询操作',1),(1160,'添加退货单','2017-12-06 19:43:48','添加操作',1),(1161,'查询商品信息','2017-12-06 19:43:50','查询操作',1),(1162,'查询商品信息','2017-12-06 19:43:50','查询操作',1),(1163,'查询所有商品类别信息','2017-12-06 19:44:12','查询操作',1),(1164,'查询商品信息','2017-12-06 19:44:13','查询操作',1),(1165,'查询商品信息','2017-12-06 19:44:14','查询操作',1),(1166,'查询商品信息','2017-12-06 19:44:18','查询操作',1),(1167,'查询所有商品类别信息','2017-12-06 19:44:34','查询操作',1),(1168,'添加退货单','2017-12-06 19:44:45','添加操作',1),(1169,'查询商品信息','2017-12-06 19:44:46','查询操作',1),(1170,'查询商品信息','2017-12-06 19:44:46','查询操作',1),(1171,'查询所有商品类别信息','2017-12-06 19:44:56','查询操作',1),(1172,'查询商品信息','2017-12-06 19:44:59','查询操作',1),(1173,'查询商品信息','2017-12-06 19:45:03','查询操作',1),(1174,'查询商品信息','2017-12-06 19:45:04','查询操作',1),(1175,'用户登录','2017-12-06 21:29:34','登录操作',1),(1176,'查询商品信息','2017-12-06 21:29:36','查询操作',1),(1177,'查询商品信息','2017-12-06 21:29:36','查询操作',1),(1178,'查询商品信息','2017-12-06 21:29:38','查询操作',1),(1179,'查询商品信息','2017-12-06 21:29:38','查询操作',1),(1180,'查询所有商品类别信息','2017-12-06 21:29:40','查询操作',1),(1181,'查询商品信息','2017-12-06 21:29:43','查询操作',1),(1182,'查询商品信息','2017-12-06 21:29:43','查询操作',1),(1183,'查询商品信息','2017-12-06 21:29:44','查询操作',1),(1184,'添加商品类别信息','2017-12-06 21:29:47','添加操作',1),(1185,'查询所有商品类别信息','2017-12-06 21:29:47','查询操作',1),(1186,'查询商品信息','2017-12-06 21:29:48','查询操作',1),(1187,'删除商品类别信息GoodsType [id=22, name=s, state=0, icon=icon-folder, pId=21]','2017-12-06 21:29:49','删除操作',1),(1188,'查询所有商品类别信息','2017-12-06 21:29:49','查询操作',1),(1189,'查询商品信息','2017-12-06 21:29:51','查询操作',1),(1190,'查询商品信息','2017-12-06 21:29:56','查询操作',1),(1191,'查询商品信息','2017-12-06 21:30:03','查询操作',1),(1192,'添加退货单','2017-12-06 21:30:20','添加操作',1),(1193,'查询商品信息','2017-12-06 21:30:22','查询操作',1),(1194,'查询商品信息','2017-12-06 21:30:22','查询操作',1),(1195,'查询所有商品类别信息','2017-12-06 21:30:35','查询操作',1),(1196,'添加退货单','2017-12-06 21:31:08','添加操作',1),(1197,'查询商品信息','2017-12-06 21:31:09','查询操作',1),(1198,'查询商品信息','2017-12-06 21:31:09','查询操作',1),(1199,'用户登录','2017-12-06 21:32:25','登录操作',1),(1200,'查询商品信息','2017-12-06 21:32:26','查询操作',1),(1201,'查询商品信息','2017-12-06 21:32:26','查询操作',1),(1202,'查询所有商品类别信息','2017-12-06 21:32:50','查询操作',1),(1203,'添加退货单','2017-12-06 21:32:58','添加操作',1),(1204,'查询商品信息','2017-12-06 21:32:59','查询操作',1),(1205,'查询商品信息','2017-12-06 21:32:59','查询操作',1),(1206,'查询所有商品类别信息','2017-12-06 21:33:08','查询操作',1),(1207,'查询商品信息','2017-12-06 21:33:17','查询操作',1),(1208,'查询商品信息','2017-12-06 21:33:19','查询操作',1),(1209,'查询商品信息','2017-12-06 21:33:20','查询操作',1),(1210,'添加退货单','2017-12-06 21:33:30','添加操作',1),(1211,'查询商品信息','2017-12-06 21:33:32','查询操作',1),(1212,'查询商品信息','2017-12-06 21:33:32','查询操作',1),(1213,'查询所有商品类别信息','2017-12-06 21:33:32','查询操作',1),(1214,'查询商品信息','2017-12-06 21:33:34','查询操作',1),(1215,'用户登录','2017-12-07 20:28:02','登录操作',1),(1216,'用户登录','2017-12-07 22:16:12','登录操作',1),(1217,'用户登录','2017-12-07 22:25:46','登录操作',1),(1218,'用户登录','2017-12-08 19:27:59','登录操作',1),(1219,'删除进货单信息null','2017-12-08 19:28:24','删除操作',1),(1220,'用户登录','2017-12-08 21:38:24','登录操作',1),(1221,'进货单查询','2017-12-08 21:38:28','查询操作',1),(1222,'进货单商品查询','2017-12-08 21:38:29','查询操作',1),(1223,'进货单商品查询','2017-12-08 21:38:30','查询操作',1),(1224,'进货单商品查询','2017-12-08 21:38:30','查询操作',1),(1225,'进货单商品查询','2017-12-08 21:38:31','查询操作',1),(1226,'进货单商品查询','2017-12-08 21:38:31','查询操作',1),(1227,'进货单商品查询','2017-12-08 21:38:32','查询操作',1),(1228,'进货单商品查询','2017-12-08 21:38:32','查询操作',1),(1229,'进货单商品查询','2017-12-08 21:38:32','查询操作',1),(1230,'进货单商品查询','2017-12-08 21:38:33','查询操作',1),(1231,'进货单商品查询','2017-12-08 21:38:33','查询操作',1),(1232,'进货单商品查询','2017-12-08 21:38:33','查询操作',1),(1233,'进货单商品查询','2017-12-08 21:38:34','查询操作',1),(1234,'进货单商品查询','2017-12-08 21:38:34','查询操作',1),(1235,'进货单查询','2017-12-08 21:38:41','查询操作',1),(1236,'进货单商品查询','2017-12-08 21:38:42','查询操作',1),(1237,'进货单商品查询','2017-12-08 21:38:44','查询操作',1),(1238,'进货单查询','2017-12-08 21:38:46','查询操作',1),(1239,'进货单查询','2017-12-08 21:39:33','查询操作',1),(1240,'进货单商品查询','2017-12-08 21:39:34','查询操作',1),(1241,'进货单查询','2017-12-08 21:39:36','查询操作',1),(1242,'进货单查询','2017-12-08 21:39:44','查询操作',1),(1243,'进货单商品查询','2017-12-08 21:39:46','查询操作',1),(1244,'进货单查询','2017-12-08 21:39:48','查询操作',1),(1245,'进货单商品查询','2017-12-08 21:40:01','查询操作',1),(1246,'进货单商品查询','2017-12-08 21:40:05','查询操作',1),(1247,'进货单查询','2017-12-08 21:43:22','查询操作',1),(1248,'进货单商品查询','2017-12-08 21:43:30','查询操作',1),(1249,'进货单商品查询','2017-12-08 21:43:32','查询操作',1),(1250,'进货单商品查询','2017-12-08 21:43:32','查询操作',1),(1251,'用户登录','2017-12-08 21:44:42','登录操作',1),(1252,'进货单查询','2017-12-08 21:44:45','查询操作',1),(1253,'进货单商品查询','2017-12-08 21:44:46','查询操作',1),(1254,'进货单商品查询','2017-12-08 21:44:47','查询操作',1),(1255,'删除进货单信息：null','2017-12-08 21:44:53','删除操作',1),(1256,'进货单商品查询','2017-12-08 21:44:53','查询操作',1),(1257,'进货单查询','2017-12-08 21:44:53','查询操作',1),(1258,'进货单商品查询','2017-12-08 21:45:14','查询操作',1),(1259,'删除进货单信息：null','2017-12-08 21:45:18','删除操作',1),(1260,'进货单商品查询','2017-12-08 21:45:18','查询操作',1),(1261,'进货单查询','2017-12-08 21:45:18','查询操作',1),(1262,'用户登录','2017-12-09 19:40:17','登录操作',1),(1263,'用户登录','2017-12-09 19:42:50','登录操作',1),(1264,'删除退货单信息null','2017-12-09 19:42:59','删除操作',1),(1265,'用户登录','2017-12-09 21:44:02','登录操作',1),(1266,'退货单查询','2017-12-09 21:44:06','查询操作',1),(1267,'退货单商品查询','2017-12-09 21:44:07','查询操作',1),(1268,'退货单商品查询','2017-12-09 21:44:08','查询操作',1),(1269,'退货单商品查询','2017-12-09 21:44:09','查询操作',1),(1270,'退货单商品查询','2017-12-09 21:44:09','查询操作',1),(1271,'退货单商品查询','2017-12-09 21:44:09','查询操作',1),(1272,'查询商品信息','2017-12-09 21:44:14','查询操作',1),(1273,'查询商品信息','2017-12-09 21:44:14','查询操作',1),(1274,'查询所有商品类别信息','2017-12-09 21:44:16','查询操作',1),(1275,'添加退货单','2017-12-09 21:44:34','添加操作',1),(1276,'查询商品信息','2017-12-09 21:44:35','查询操作',1),(1277,'查询商品信息','2017-12-09 21:44:35','查询操作',1),(1278,'退货单查询','2017-12-09 21:44:37','查询操作',1),(1279,'退货单商品查询','2017-12-09 21:44:38','查询操作',1),(1280,'退货单查询','2017-12-09 21:44:46','查询操作',1),(1281,'退货单查询','2017-12-09 21:44:50','查询操作',1),(1282,'退货单查询','2017-12-09 21:44:53','查询操作',1),(1283,'退货单查询','2017-12-09 21:44:55','查询操作',1),(1284,'退货单查询','2017-12-09 21:44:58','查询操作',1),(1285,'退货单查询','2017-12-09 21:45:00','查询操作',1),(1286,'退货单查询','2017-12-09 21:45:08','查询操作',1),(1287,'退货单查询','2017-12-09 21:45:15','查询操作',1),(1288,'退货单商品查询','2017-12-09 21:45:15','查询操作',1),(1289,'删除退货单信息：null','2017-12-09 21:45:18','删除操作',1),(1290,'退货单商品查询','2017-12-09 21:45:19','查询操作',1),(1291,'退货单查询','2017-12-09 21:45:19','查询操作',1),(1292,'用户登录','2017-12-10 20:09:55','登录操作',1),(1293,'查询商品信息','2017-12-10 20:10:16','查询操作',1),(1294,'查询商品信息','2017-12-10 20:10:16','查询操作',1),(1295,'查询商品信息','2017-12-10 20:11:03','查询操作',1),(1296,'查询商品信息','2017-12-10 20:11:03','查询操作',1),(1297,'查询商品信息','2017-12-10 20:11:05','查询操作',1),(1298,'查询商品信息','2017-12-10 20:11:05','查询操作',1),(1299,'查询商品信息','2017-12-10 20:11:09','查询操作',1),(1300,'查询商品信息','2017-12-10 20:11:09','查询操作',1),(1301,'查询商品信息','2017-12-10 20:11:10','查询操作',1),(1302,'查询商品信息','2017-12-10 20:11:10','查询操作',1),(1303,'查询商品信息','2017-12-10 20:11:12','查询操作',1),(1304,'查询商品信息','2017-12-10 20:11:12','查询操作',1),(1305,'查询商品信息','2017-12-10 20:11:16','查询操作',1),(1306,'查询商品信息','2017-12-10 20:11:16','查询操作',1),(1307,'查询商品信息','2017-12-10 20:11:17','查询操作',1),(1308,'查询商品信息','2017-12-10 20:11:17','查询操作',1),(1309,'查询商品信息','2017-12-10 20:11:25','查询操作',1),(1310,'查询商品信息','2017-12-10 20:11:25','查询操作',1),(1311,'查询商品信息','2017-12-10 20:11:26','查询操作',1),(1312,'查询商品信息','2017-12-10 20:11:26','查询操作',1),(1313,'查询商品信息','2017-12-10 20:11:58','查询操作',1),(1314,'查询商品信息','2017-12-10 20:11:58','查询操作',1),(1315,'查询商品信息','2017-12-10 20:12:16','查询操作',1),(1316,'查询商品信息','2017-12-10 20:12:16','查询操作',1),(1317,'查询所有商品类别信息','2017-12-10 20:12:29','查询操作',1),(1318,'查询商品信息','2017-12-10 20:12:32','查询操作',1),(1319,'用户登录','2017-12-10 20:13:53','登录操作',1),(1320,'查询商品信息','2017-12-10 20:13:55','查询操作',1),(1321,'查询商品信息','2017-12-10 20:13:55','查询操作',1),(1322,'查询所有商品类别信息','2017-12-10 20:13:56','查询操作',1),(1323,'查询商品信息','2017-12-10 20:13:59','查询操作',1),(1324,'查询商品信息','2017-12-10 20:13:59','查询操作',1),(1325,'查询商品信息','2017-12-10 20:14:01','查询操作',1),(1326,'添加商品类别信息','2017-12-10 20:14:03','添加操作',1),(1327,'查询所有商品类别信息','2017-12-10 20:14:03','查询操作',1),(1328,'查询商品信息','2017-12-10 20:14:05','查询操作',1),(1329,'添加商品类别信息','2017-12-10 20:14:07','添加操作',1),(1330,'查询所有商品类别信息','2017-12-10 20:14:07','查询操作',1),(1331,'查询商品信息','2017-12-10 20:14:08','查询操作',1),(1332,'查询商品信息','2017-12-10 20:14:10','查询操作',1),(1333,'删除商品类别信息GoodsType [id=23, name=2, state=0, icon=icon-folder, pId=22]','2017-12-10 20:14:10','删除操作',1),(1334,'查询所有商品类别信息','2017-12-10 20:14:10','查询操作',1),(1335,'查询商品信息','2017-12-10 20:14:11','查询操作',1),(1336,'删除商品类别信息GoodsType [id=22, name=x, state=0, icon=icon-folder, pId=21]','2017-12-10 20:14:12','删除操作',1),(1337,'查询所有商品类别信息','2017-12-10 20:14:12','查询操作',1),(1338,'查询商品信息','2017-12-10 20:14:15','查询操作',1),(1339,'查询商品信息','2017-12-10 20:14:21','查询操作',1),(1340,'查询商品信息','2017-12-10 20:17:41','查询操作',1),(1341,'查询商品信息','2017-12-10 20:17:41','查询操作',1),(1342,'查询所有商品类别信息','2017-12-10 20:17:42','查询操作',1),(1343,'查询商品信息','2017-12-10 20:21:10','查询操作',1),(1344,'查询商品信息','2017-12-10 20:21:10','查询操作',1),(1345,'查询所有商品类别信息','2017-12-10 20:21:11','查询操作',1),(1346,'查询所有商品类别信息','2017-12-10 20:21:30','查询操作',1),(1347,'查询商品信息','2017-12-10 20:21:34','查询操作',1),(1348,'查询商品信息','2017-12-10 20:22:05','查询操作',1),(1349,'查询商品信息','2017-12-10 20:22:05','查询操作',1),(1350,'查询商品信息','2017-12-10 20:22:54','查询操作',1),(1351,'查询商品信息','2017-12-10 20:22:55','查询操作',1),(1352,'查询所有商品类别信息','2017-12-10 20:22:58','查询操作',1),(1353,'查询所有商品类别信息','2017-12-10 20:24:22','查询操作',1),(1354,'添加销售单','2017-12-10 20:24:29','添加操作',1),(1355,'查询商品信息','2017-12-10 20:24:30','查询操作',1),(1356,'查询商品信息','2017-12-10 20:24:30','查询操作',1),(1357,'进货单查询','2017-12-10 20:24:33','查询操作',1),(1358,'查询商品信息','2017-12-10 20:25:46','查询操作',1),(1359,'查询商品信息','2017-12-10 20:25:46','查询操作',1),(1360,'查询所有商品类别信息','2017-12-10 20:25:49','查询操作',1),(1361,'查询所有商品类别信息','2017-12-10 20:25:54','查询操作',1),(1362,'添加销售单','2017-12-10 20:26:00','添加操作',1),(1363,'查询商品信息','2017-12-10 20:26:01','查询操作',1),(1364,'查询商品信息','2017-12-10 20:26:01','查询操作',1),(1365,'销售单查询','2017-12-10 20:27:48','查询操作',1),(1366,'销售单查询','2017-12-10 20:27:49','查询操作',1),(1367,'销售单查询','2017-12-10 20:28:59','查询操作',1),(1368,'销售单查询','2017-12-10 20:29:15','查询操作',1),(1369,'销售单查询','2017-12-10 20:30:18','查询操作',1),(1370,'销售单商品查询','2017-12-10 20:30:20','查询操作',1),(1371,'销售单查询','2017-12-10 20:30:25','查询操作',1),(1372,'销售单查询','2017-12-10 20:30:28','查询操作',1),(1373,'销售单查询','2017-12-10 20:30:31','查询操作',1),(1374,'销售单查询','2017-12-10 20:30:33','查询操作',1),(1375,'销售单查询','2017-12-10 20:30:39','查询操作',1),(1376,'销售单查询','2017-12-10 20:30:41','查询操作',1),(1377,'销售单查询','2017-12-10 20:30:43','查询操作',1),(1378,'销售单查询','2017-12-10 20:30:46','查询操作',1),(1379,'销售单商品查询','2017-12-10 20:30:47','查询操作',1),(1380,'删除销售单信息：null','2017-12-10 20:30:52','删除操作',1),(1381,'销售单查询','2017-12-10 20:30:52','查询操作',1),(1382,'销售单商品查询','2017-12-10 20:30:52','查询操作',1),(1383,'销售单查询','2017-12-10 20:30:53','查询操作',1),(1384,'用户登录','2017-12-10 22:01:48','登录操作',1),(1385,'查询商品信息','2017-12-10 22:01:51','查询操作',1),(1386,'查询商品信息','2017-12-10 22:01:51','查询操作',1),(1387,'查询商品信息','2017-12-10 22:02:14','查询操作',1),(1388,'查询商品信息','2017-12-10 22:02:14','查询操作',1),(1389,'查询商品信息','2017-12-10 22:02:28','查询操作',1),(1390,'查询商品信息','2017-12-10 22:02:28','查询操作',1),(1391,'查询所有商品类别信息','2017-12-10 22:02:31','查询操作',1),(1392,'查询商品信息','2017-12-10 22:02:36','查询操作',1),(1393,'添加商品类别信息','2017-12-10 22:02:38','添加操作',1),(1394,'查询所有商品类别信息','2017-12-10 22:02:38','查询操作',1),(1395,'查询商品信息','2017-12-10 22:02:40','查询操作',1),(1396,'删除商品类别信息GoodsType [id=24, name=s, state=0, icon=icon-folder, pId=21]','2017-12-10 22:02:40','删除操作',1),(1397,'查询所有商品类别信息','2017-12-10 22:02:41','查询操作',1),(1398,'查询商品信息','2017-12-10 22:02:42','查询操作',1),(1399,'查询商品信息','2017-12-10 22:02:43','查询操作',1),(1400,'查询商品信息','2017-12-10 22:03:20','查询操作',1),(1401,'查询商品信息','2017-12-10 22:03:20','查询操作',1),(1402,'查询所有商品类别信息','2017-12-10 22:03:21','查询操作',1),(1403,'查询所有商品类别信息','2017-12-10 22:03:40','查询操作',1),(1404,'查询所有商品类别信息','2017-12-10 22:03:59','查询操作',1),(1405,'添加销售单','2017-12-10 22:04:09','添加操作',1),(1406,'查询商品信息','2017-12-10 22:04:10','查询操作',1),(1407,'查询商品信息','2017-12-10 22:04:10','查询操作',1),(1408,'查询所有商品类别信息','2017-12-10 22:04:29','查询操作',1),(1409,'查询商品信息','2017-12-10 22:04:31','查询操作',1),(1410,'添加销售单','2017-12-10 22:04:41','添加操作',1),(1411,'查询商品信息','2017-12-10 22:04:43','查询操作',1),(1412,'查询商品信息','2017-12-10 22:04:43','查询操作',1),(1413,'销售单查询','2017-12-10 22:06:52','查询操作',1),(1414,'销售单商品查询','2017-12-10 22:06:58','查询操作',1),(1415,'销售单商品查询','2017-12-10 22:07:02','查询操作',1),(1416,'销售单商品查询','2017-12-10 22:07:03','查询操作',1),(1417,'销售单查询','2017-12-10 22:07:07','查询操作',1),(1418,'销售单查询','2017-12-10 22:07:11','查询操作',1),(1419,'销售单查询','2017-12-10 22:07:12','查询操作',1),(1420,'销售单查询','2017-12-10 22:07:14','查询操作',1),(1421,'销售单查询','2017-12-10 22:07:16','查询操作',1),(1422,'销售单查询','2017-12-10 22:07:19','查询操作',1),(1423,'销售单查询','2017-12-10 22:07:22','查询操作',1),(1424,'销售单商品查询','2017-12-10 22:07:25','查询操作',1),(1425,'销售单查询','2017-12-10 22:07:26','查询操作',1),(1426,'销售单查询','2017-12-10 22:07:28','查询操作',1),(1427,'销售单商品查询','2017-12-10 22:07:29','查询操作',1),(1428,'删除销售单信息：null','2017-12-10 22:07:33','删除操作',1),(1429,'销售单商品查询','2017-12-10 22:07:33','查询操作',1),(1430,'销售单查询','2017-12-10 22:07:33','查询操作',1),(1431,'销售单查询','2017-12-10 22:07:39','查询操作',1),(1432,'销售单查询','2017-12-10 22:07:43','查询操作',1),(1433,'用户登录','2017-12-11 20:27:04','登录操作',1),(1434,'查询商品信息','2017-12-11 20:27:12','查询操作',1),(1435,'查询商品信息','2017-12-11 20:27:12','查询操作',1),(1436,'用户登录','2017-12-11 20:28:33','登录操作',1),(1437,'查询商品信息','2017-12-11 20:28:38','查询操作',1),(1438,'查询商品信息','2017-12-11 20:28:38','查询操作',1),(1439,'查询所有商品类别信息','2017-12-11 20:28:40','查询操作',1),(1440,'查询所有商品类别信息','2017-12-11 20:29:11','查询操作',1),(1441,'添加客户退货单','2017-12-11 20:29:35','添加操作',1),(1442,'查询商品信息','2017-12-11 20:29:36','查询操作',1),(1443,'查询商品信息','2017-12-11 20:29:36','查询操作',1),(1444,'查询所有商品类别信息','2017-12-11 20:30:01','查询操作',1),(1445,'查询所有商品类别信息','2017-12-11 20:30:07','查询操作',1),(1446,'查询商品信息','2017-12-11 20:32:34','查询操作',1),(1447,'查询商品信息','2017-12-11 20:32:34','查询操作',1),(1448,'查询所有商品类别信息','2017-12-11 20:32:38','查询操作',1),(1449,'查询所有商品类别信息','2017-12-11 20:32:42','查询操作',1),(1450,'添加客户退货单','2017-12-11 20:32:50','添加操作',1),(1451,'查询商品信息','2017-12-11 20:32:53','查询操作',1),(1452,'查询商品信息','2017-12-11 20:32:53','查询操作',1),(1453,'客户退货单查询','2017-12-11 20:34:23','查询操作',1),(1454,'客户退货单商品查询','2017-12-11 20:34:25','查询操作',1),(1455,'客户退货单商品查询','2017-12-11 20:34:25','查询操作',1),(1456,'客户退货单商品查询','2017-12-11 20:34:34','查询操作',1),(1457,'客户退货单商品查询','2017-12-11 20:34:35','查询操作',1),(1458,'客户退货单查询','2017-12-11 20:34:38','查询操作',1),(1459,'客户退货单查询','2017-12-11 20:34:41','查询操作',1),(1460,'客户退货单查询','2017-12-11 20:34:43','查询操作',1),(1461,'客户退货单查询','2017-12-11 20:34:44','查询操作',1),(1462,'客户退货单查询','2017-12-11 20:34:47','查询操作',1),(1463,'客户退货单查询','2017-12-11 20:34:49','查询操作',1),(1464,'客户退货单查询','2017-12-11 20:34:50','查询操作',1),(1465,'客户退货单查询','2017-12-11 20:34:54','查询操作',1),(1466,'客户退货单查询','2017-12-11 20:34:54','查询操作',1),(1467,'客户退货单查询','2017-12-11 20:34:57','查询操作',1),(1468,'客户退货单查询','2017-12-11 20:35:02','查询操作',1),(1469,'客户退货单商品查询','2017-12-11 20:35:03','查询操作',1),(1470,'删除客户退货单信息：null','2017-12-11 20:35:05','删除操作',1),(1471,'客户退货单查询','2017-12-11 20:35:05','查询操作',1),(1472,'客户退货单商品查询','2017-12-11 20:35:05','查询操作',1),(1473,'客户退货单商品查询','2017-12-11 20:35:06','查询操作',1),(1474,'删除客户退货单信息：null','2017-12-11 20:35:07','删除操作',1),(1475,'客户退货单商品查询','2017-12-11 20:35:07','查询操作',1),(1476,'客户退货单查询','2017-12-11 20:35:07','查询操作',1),(1477,'查询所有商品类别信息','2017-12-11 20:48:19','查询操作',1),(1478,'查询所有商品类别信息','2017-12-11 20:48:21','查询操作',1),(1479,'查询所有商品类别信息','2017-12-11 20:48:42','查询操作',1),(1480,'查询所有商品类别信息','2017-12-11 20:48:46','查询操作',1),(1481,'查询商品信息','2017-12-11 20:48:46','查询操作',1),(1482,'查询商品单位信息','2017-12-11 20:48:46','查询操作',1),(1483,'查询商品单位信息','2017-12-11 20:48:46','查询操作',1),(1484,'查询商品信息','2017-12-11 20:48:46','查询操作',1),(1485,'用户登录','2017-12-11 22:20:46','登录操作',1),(1486,'查询商品信息','2017-12-11 22:20:49','查询操作',1),(1487,'查询商品信息','2017-12-11 22:20:49','查询操作',1),(1488,'查询所有商品类别信息','2017-12-11 22:20:52','查询操作',1),(1489,'查询商品信息','2017-12-11 22:20:55','查询操作',1),(1490,'添加商品类别信息','2017-12-11 22:20:59','添加操作',1),(1491,'查询所有商品类别信息','2017-12-11 22:20:59','查询操作',1),(1492,'查询商品信息','2017-12-11 22:21:01','查询操作',1),(1493,'删除商品类别信息GoodsType [id=22, name=x, state=0, icon=icon-folder, pId=21]','2017-12-11 22:21:02','删除操作',1),(1494,'查询所有商品类别信息','2017-12-11 22:21:02','查询操作',1),(1495,'查询商品信息','2017-12-11 22:21:03','查询操作',1),(1496,'查询所有商品类别信息','2017-12-11 22:21:32','查询操作',1),(1497,'添加客户退货单','2017-12-11 22:21:42','添加操作',1),(1498,'查询商品信息','2017-12-11 22:21:43','查询操作',1),(1499,'查询商品信息','2017-12-11 22:21:43','查询操作',1),(1500,'查询所有商品类别信息','2017-12-11 22:21:44','查询操作',1),(1501,'添加客户退货单','2017-12-11 22:21:51','添加操作',1),(1502,'查询商品信息','2017-12-11 22:21:53','查询操作',1),(1503,'查询商品信息','2017-12-11 22:21:53','查询操作',1),(1504,'客户退货单查询','2017-12-11 22:22:58','查询操作',1),(1505,'客户退货单商品查询','2017-12-11 22:22:59','查询操作',1),(1506,'客户退货单商品查询','2017-12-11 22:23:00','查询操作',1),(1507,'客户退货单商品查询','2017-12-11 22:23:01','查询操作',1),(1508,'客户退货单查询','2017-12-11 22:23:05','查询操作',1),(1509,'客户退货单查询','2017-12-11 22:23:07','查询操作',1),(1510,'客户退货单查询','2017-12-11 22:23:09','查询操作',1),(1511,'客户退货单查询','2017-12-11 22:23:11','查询操作',1),(1512,'客户退货单查询','2017-12-11 22:23:13','查询操作',1),(1513,'客户退货单查询','2017-12-11 22:23:15','查询操作',1),(1514,'客户退货单查询','2017-12-11 22:23:17','查询操作',1),(1515,'客户退货单查询','2017-12-11 22:23:19','查询操作',1),(1516,'客户退货单商品查询','2017-12-11 22:23:20','查询操作',1),(1517,'删除客户退货单信息：null','2017-12-11 22:23:24','删除操作',1),(1518,'客户退货单商品查询','2017-12-11 22:23:24','查询操作',1),(1519,'客户退货单查询','2017-12-11 22:23:24','查询操作',1),(1520,'客户退货单商品查询','2017-12-11 22:23:25','查询操作',1),(1521,'删除客户退货单信息：null','2017-12-11 22:23:28','删除操作',1),(1522,'客户退货单商品查询','2017-12-11 22:23:28','查询操作',1),(1523,'客户退货单查询','2017-12-11 22:23:28','查询操作',1),(1524,'查询所有商品类别信息','2017-12-11 22:23:34','查询操作',1),(1525,'添加客户退货单','2017-12-11 22:23:40','添加操作',1),(1526,'查询商品信息','2017-12-11 22:23:42','查询操作',1),(1527,'查询商品信息','2017-12-11 22:23:42','查询操作',1),(1528,'用户登录','2017-12-11 22:40:23','登录操作',1),(1529,'查询所有商品类别信息','2017-12-11 22:40:32','查询操作',1),(1530,'查询所有商品类别信息','2017-12-11 22:40:36','查询操作',1),(1531,'查询所有商品类别信息','2017-12-11 22:40:39','查询操作',1),(1532,'查询所有商品类别信息','2017-12-11 22:40:42','查询操作',1),(1533,'查询所有商品类别信息','2017-12-11 22:41:22','查询操作',1),(1534,'查询所有商品类别信息','2017-12-11 22:41:30','查询操作',1),(1535,'查询所有商品类别信息','2017-12-11 22:41:33','查询操作',1),(1536,'查询所有商品类别信息','2017-12-11 22:41:54','查询操作',1),(1537,'查询所有商品类别信息','2017-12-11 22:41:56','查询操作',1),(1538,'查询所有商品类别信息','2017-12-11 22:42:07','查询操作',1),(1539,'查询所有商品类别信息','2017-12-11 22:42:16','查询操作',1),(1540,'查询所有商品类别信息','2017-12-11 22:42:26','查询操作',1),(1541,'查询所有商品类别信息','2017-12-11 22:42:30','查询操作',1),(1542,'查询所有商品类别信息','2017-12-11 22:42:33','查询操作',1),(1543,'查询所有商品类别信息','2017-12-11 22:42:35','查询操作',1),(1544,'查询所有商品类别信息','2017-12-11 22:42:37','查询操作',1),(1545,'查询所有商品类别信息','2017-12-11 22:42:39','查询操作',1),(1546,'查询所有商品类别信息','2017-12-11 22:42:42','查询操作',1),(1547,'查询所有商品类别信息','2017-12-11 22:42:44','查询操作',1),(1548,'查询所有商品类别信息','2017-12-11 22:43:05','查询操作',1),(1549,'查询所有商品类别信息','2017-12-11 22:43:07','查询操作',1),(1550,'查询所有商品类别信息','2017-12-11 22:43:12','查询操作',1),(1551,'用户登录','2017-12-12 21:28:48','登录操作',1),(1552,'查询商品库存信息','2017-12-12 21:28:49','查询操作',1),(1553,'查询商品库存信息','2017-12-12 21:29:22','查询操作',1),(1554,'查询商品库存信息','2017-12-12 21:29:36','查询操作',1),(1555,'查询商品库存信息','2017-12-12 21:29:39','查询操作',1),(1556,'查询商品库存信息','2017-12-12 21:29:40','查询操作',1),(1557,'销售单查询','2017-12-12 21:30:04','查询操作',1),(1558,'销售单商品查询','2017-12-12 21:30:06','查询操作',1),(1559,'客户退货单查询','2017-12-12 21:31:13','查询操作',1),(1560,'客户退货单商品查询','2017-12-12 21:31:14','查询操作',1),(1561,'查询商品信息','2017-12-12 21:31:17','查询操作',1),(1562,'查询商品信息','2017-12-12 21:31:17','查询操作',1),(1563,'查询所有商品类别信息','2017-12-12 21:31:18','查询操作',1),(1564,'添加客户退货单','2017-12-12 21:31:27','添加操作',1),(1565,'查询商品信息','2017-12-12 21:31:29','查询操作',1),(1566,'查询商品信息','2017-12-12 21:31:29','查询操作',1),(1567,'查询商品库存信息','2017-12-12 21:31:33','查询操作',1),(1568,'查询商品库存信息','2017-12-12 21:32:25','查询操作',1),(1569,'查询所有商品类别信息','2017-12-12 21:32:28','查询操作',1),(1570,'查询商品库存信息','2017-12-12 21:32:33','查询操作',1),(1571,'查询商品库存信息','2017-12-12 21:32:39','查询操作',1),(1572,'查询商品库存信息','2017-12-12 21:32:45','查询操作',1),(1573,'查询商品库存信息','2017-12-12 21:33:24','查询操作',1),(1574,'查询商品库存信息','2017-12-12 21:33:26','查询操作',1),(1575,'用户登录','2017-12-12 21:56:06','登录操作',1),(1576,'查询商品信息','2017-12-12 21:56:07','查询操作',1),(1577,'查询商品信息','2017-12-12 21:56:14','查询操作',1),(1578,'查询商品信息','2017-12-12 21:56:21','查询操作',1),(1579,'查询商品信息','2017-12-12 21:56:23','查询操作',1),(1580,'用户登录','2017-12-12 21:57:56','登录操作',1),(1581,'查询商品信息','2017-12-12 21:57:57','查询操作',1),(1582,'查询商品信息','2017-12-12 21:58:02','查询操作',1),(1583,'查询商品信息','2017-12-12 21:58:03','查询操作',1),(1584,'用户登录','2017-12-12 22:01:04','登录操作',1),(1585,'查询商品信息','2017-12-12 22:01:05','查询操作',1),(1586,'查询商品信息','2017-12-12 22:01:16','查询操作',1),(1587,'用户登录','2017-12-12 22:02:18','登录操作',1),(1588,'查询商品信息','2017-12-12 22:02:19','查询操作',1),(1589,'用户登录','2017-12-12 22:02:46','登录操作',1),(1590,'查询商品信息','2017-12-12 22:02:47','查询操作',1),(1591,'查询商品信息','2017-12-12 22:03:14','查询操作',1),(1592,'用户登录','2017-12-12 22:04:09','登录操作',1),(1593,'查询商品信息','2017-12-12 22:04:10','查询操作',1),(1594,'查询商品信息','2017-12-12 22:04:54','查询操作',1),(1595,'查询商品信息','2017-12-12 22:04:58','查询操作',1),(1596,'查询商品信息','2017-12-12 22:04:59','查询操作',1),(1597,'查询所有商品类别信息','2017-12-12 22:05:00','查询操作',1),(1598,'查询商品信息','2017-12-12 22:05:04','查询操作',1),(1599,'查询商品信息','2017-12-12 22:05:09','查询操作',1),(1600,'查询商品信息','2017-12-12 22:05:49','查询操作',1),(1601,'查询商品信息','2017-12-12 22:05:53','查询操作',1),(1602,'查询商品信息','2017-12-12 22:05:55','查询操作',1),(1603,'查询所有商品类别信息','2017-12-12 22:05:58','查询操作',1),(1604,'查询商品信息','2017-12-12 22:06:01','查询操作',1),(1605,'查询商品信息','2017-12-12 22:06:04','查询操作',1),(1606,'查询所有商品类别信息','2017-12-12 22:06:10','查询操作',1),(1607,'查询商品信息','2017-12-12 22:06:12','查询操作',1),(1608,'销售单查询','2017-12-12 22:06:21','查询操作',1),(1609,'销售单商品查询','2017-12-12 22:06:22','查询操作',1),(1610,'客户退货单查询','2017-12-12 22:06:28','查询操作',1),(1611,'客户退货单商品查询','2017-12-12 22:06:29','查询操作',1),(1612,'客户退货单商品查询','2017-12-12 22:06:31','查询操作',1),(1613,'客户退货单商品查询','2017-12-12 22:06:32','查询操作',1),(1614,'查询商品库存信息','2017-12-12 22:06:39','查询操作',1),(1615,'查询商品库存信息','2017-12-12 22:06:39','查询操作',1),(1616,'查询所有商品类别信息','2017-12-12 22:06:41','查询操作',1),(1617,'添加客户退货单','2017-12-12 22:06:48','添加操作',1),(1618,'查询商品库存信息','2017-12-12 22:06:49','查询操作',1),(1619,'查询商品库存信息','2017-12-12 22:06:49','查询操作',1),(1620,'查询商品信息','2017-12-12 22:06:55','查询操作',1),(1621,'查询商品库存信息','2017-12-12 22:06:57','查询操作',1),(1622,'查询商品库存信息','2017-12-12 22:06:57','查询操作',1),(1623,'查询所有商品类别信息','2017-12-12 22:07:00','查询操作',1),(1624,'添加销售单','2017-12-12 22:07:09','添加操作',1),(1625,'查询商品库存信息','2017-12-12 22:07:11','查询操作',1),(1626,'查询商品库存信息','2017-12-12 22:07:11','查询操作',1),(1627,'查询商品信息','2017-12-12 22:07:13','查询操作',1),(1628,'用户登录','2017-12-13 21:55:52','登录操作',1),(1629,'查询商品信息','2017-12-13 21:55:53','查询操作',1),(1630,'查询商品库存信息','2017-12-13 21:55:55','查询操作',1),(1631,'查询商品库存信息','2017-12-13 21:55:55','查询操作',1),(1632,'查询商品库存信息','2017-12-13 21:56:34','查询操作',1),(1633,'查询商品库存信息','2017-12-13 21:56:34','查询操作',1),(1634,'查询商品信息','2017-12-13 21:57:13','查询操作',1),(1635,'查询商品库存信息','2017-12-13 21:57:23','查询操作',1),(1636,'查询商品库存信息','2017-12-13 21:57:23','查询操作',1),(1637,'查询所有商品类别信息','2017-12-13 21:57:32','查询操作',1),(1638,'查询商品库存信息','2017-12-13 21:57:34','查询操作',1),(1639,'添加商品类别信息','2017-12-13 21:57:37','添加操作',1),(1640,'查询所有商品类别信息','2017-12-13 21:57:37','查询操作',1),(1641,'查询商品库存信息','2017-12-13 21:57:38','查询操作',1),(1642,'删除商品类别信息GoodsType [id=22, name=x, state=0, icon=icon-folder, pId=21]','2017-12-13 21:57:39','删除操作',1),(1643,'查询所有商品类别信息','2017-12-13 21:57:39','查询操作',1),(1644,'查询商品库存信息','2017-12-13 21:57:41','查询操作',1),(1645,'查询商品库存信息','2017-12-13 21:57:43','查询操作',1),(1646,'查询商品库存信息','2017-12-13 21:57:45','查询操作',1),(1647,'添加报损单','2017-12-13 21:59:12','添加操作',1),(1648,'查询商品库存信息','2017-12-13 21:59:13','查询操作',1),(1649,'查询商品库存信息','2017-12-13 21:59:13','查询操作',1),(1650,'查询所有商品类别信息','2017-12-13 21:59:31','查询操作',1),(1651,'查询所有商品类别信息','2017-12-13 21:59:35','查询操作',1),(1652,'添加报损单','2017-12-13 21:59:39','添加操作',1),(1653,'查询商品库存信息','2017-12-13 21:59:40','查询操作',1),(1654,'查询商品库存信息','2017-12-13 21:59:40','查询操作',1),(1655,'用户登录','2017-12-13 22:28:00','登录操作',1),(1656,'查询商品信息','2017-12-13 22:28:01','查询操作',1),(1657,'查询商品库存信息','2017-12-13 22:28:03','查询操作',1),(1658,'查询商品库存信息','2017-12-13 22:28:03','查询操作',1),(1659,'查询所有商品类别信息','2017-12-13 22:28:07','查询操作',1),(1660,'查询商品库存信息','2017-12-13 22:28:09','查询操作',1),(1661,'添加商品类别信息','2017-12-13 22:28:11','添加操作',1),(1662,'查询所有商品类别信息','2017-12-13 22:28:11','查询操作',1),(1663,'查询商品库存信息','2017-12-13 22:28:12','查询操作',1),(1664,'删除商品类别信息GoodsType [id=23, name=x, state=0, icon=icon-folder, pId=21]','2017-12-13 22:28:14','删除操作',1),(1665,'查询所有商品类别信息','2017-12-13 22:28:14','查询操作',1),(1666,'查询商品库存信息','2017-12-13 22:28:17','查询操作',1),(1667,'查询所有商品类别信息','2017-12-13 22:28:24','查询操作',1),(1668,'查询商品库存信息','2017-12-13 22:28:26','查询操作',1),(1669,'添加进货单','2017-12-13 22:28:40','添加操作',1),(1670,'查询商品库存信息','2017-12-13 22:28:41','查询操作',1),(1671,'查询商品库存信息','2017-12-13 22:28:41','查询操作',1),(1672,'查询所有商品类别信息','2017-12-13 22:28:53','查询操作',1),(1673,'添加进货单','2017-12-13 22:29:03','添加操作',1),(1674,'查询商品库存信息','2017-12-13 22:29:04','查询操作',1),(1675,'查询商品库存信息','2017-12-13 22:29:04','查询操作',1),(1676,'查询商品库存信息','2017-12-13 22:29:48','查询操作',1),(1677,'查询商品库存信息','2017-12-13 22:29:48','查询操作',1),(1678,'查询商品库存信息','2017-12-13 22:29:56','查询操作',1),(1679,'查询商品库存信息','2017-12-13 22:29:56','查询操作',1),(1680,'用户登录','2017-12-14 21:45:00','登录操作',1),(1681,'查询商品信息','2017-12-14 21:45:01','查询操作',1),(1682,'查询商品库存信息','2017-12-14 21:45:02','查询操作',1),(1683,'查询商品库存信息','2017-12-14 21:45:02','查询操作',1),(1684,'查询所有商品类别信息','2017-12-14 21:45:04','查询操作',1),(1685,'查询所有商品类别信息','2017-12-14 21:45:11','查询操作',1),(1686,'查询所有商品类别信息','2017-12-14 21:45:23','查询操作',1),(1687,'添加商品报溢单','2017-12-14 21:45:27','添加操作',1),(1688,'查询商品库存信息','2017-12-14 21:45:28','查询操作',1),(1689,'查询商品库存信息','2017-12-14 21:45:28','查询操作',1),(1690,'查询所有商品类别信息','2017-12-14 21:45:51','查询操作',1),(1691,'添加商品报溢单','2017-12-14 21:45:55','添加操作',1),(1692,'查询商品库存信息','2017-12-14 21:45:57','查询操作',1),(1693,'查询商品库存信息','2017-12-14 21:45:57','查询操作',1),(1694,'商品报损单查询','2017-12-14 22:10:56','查询操作',1),(1695,'商品报损单查询','2017-12-14 22:11:36','查询操作',1),(1696,'用户登录','2017-12-14 22:13:22','登录操作',1),(1697,'查询商品信息','2017-12-14 22:13:23','查询操作',1),(1698,'用户登录','2017-12-14 22:14:25','登录操作',1),(1699,'查询商品信息','2017-12-14 22:14:26','查询操作',1),(1700,'商品报损单查询','2017-12-14 22:14:34','查询操作',1),(1701,'用户登录','2017-12-14 22:15:40','登录操作',1),(1702,'查询商品信息','2017-12-14 22:15:41','查询操作',1),(1703,'商品报损单查询','2017-12-14 22:15:45','查询操作',1),(1704,'用户登录','2017-12-14 22:16:16','登录操作',1),(1705,'查询商品信息','2017-12-14 22:16:17','查询操作',1),(1706,'商品报损单查询','2017-12-14 22:16:19','查询操作',1),(1707,'商品报损单商品查询','2017-12-14 22:16:20','查询操作',1),(1708,'商品报损单商品查询','2017-12-14 22:16:20','查询操作',1),(1709,'商品报损单商品查询','2017-12-14 22:16:21','查询操作',1),(1710,'商品报损单商品查询','2017-12-14 22:16:23','查询操作',1),(1711,'商品报损单商品查询','2017-12-14 22:16:24','查询操作',1),(1712,'商品报溢单查询','2017-12-14 22:16:28','查询操作',1),(1713,'商品报溢单商品查询','2017-12-14 22:16:29','查询操作',1),(1714,'商品报溢单商品查询','2017-12-14 22:16:29','查询操作',1),(1715,'商品报溢单商品查询','2017-12-14 22:16:30','查询操作',1),(1716,'商品报溢单商品查询','2017-12-14 22:16:31','查询操作',1),(1717,'商品报溢单查询','2017-12-14 22:16:38','查询操作',1),(1718,'用户登录','2017-12-14 22:33:24','登录操作',1),(1719,'查询商品信息','2017-12-14 22:33:25','查询操作',1),(1720,'查询商品库存信息','2017-12-14 22:33:29','查询操作',1),(1721,'查询商品库存信息','2017-12-14 22:33:29','查询操作',1),(1722,'查询所有商品类别信息','2017-12-14 22:33:33','查询操作',1),(1723,'查询商品库存信息','2017-12-14 22:33:36','查询操作',1),(1724,'查询商品库存信息','2017-12-14 22:33:39','查询操作',1),(1725,'添加商品报溢单','2017-12-14 22:33:46','添加操作',1),(1726,'查询商品库存信息','2017-12-14 22:33:47','查询操作',1),(1727,'查询商品库存信息','2017-12-14 22:33:47','查询操作',1),(1728,'查询所有商品类别信息','2017-12-14 22:33:50','查询操作',1),(1729,'添加商品报溢单','2017-12-14 22:33:53','添加操作',1),(1730,'查询商品库存信息','2017-12-14 22:33:54','查询操作',1),(1731,'查询商品库存信息','2017-12-14 22:33:54','查询操作',1),(1732,'商品报损单查询','2017-12-14 22:52:11','查询操作',1),(1733,'商品报损单商品查询','2017-12-14 22:52:12','查询操作',1),(1734,'商品报损单商品查询','2017-12-14 22:52:13','查询操作',1),(1735,'商品报损单商品查询','2017-12-14 22:52:13','查询操作',1),(1736,'商品报溢单查询','2017-12-14 22:52:16','查询操作',1),(1737,'商品报溢单商品查询','2017-12-14 22:52:17','查询操作',1),(1738,'商品报溢单商品查询','2017-12-14 22:52:17','查询操作',1),(1739,'商品报溢单商品查询','2017-12-14 22:52:18','查询操作',1),(1740,'商品报溢单商品查询','2017-12-14 22:52:18','查询操作',1),(1741,'商品报溢单商品查询','2017-12-14 22:52:19','查询操作',1),(1742,'商品报溢单商品查询','2017-12-14 22:52:20','查询操作',1),(1743,'商品报损单查询','2017-12-14 22:52:22','查询操作',1),(1744,'商品报损单商品查询','2017-12-14 22:52:23','查询操作',1),(1745,'商品报损单商品查询','2017-12-14 22:52:23','查询操作',1),(1746,'商品报损单商品查询','2017-12-14 22:52:24','查询操作',1),(1747,'商品报损单商品查询','2017-12-14 22:52:26','查询操作',1),(1748,'商品报损单查询','2017-12-14 22:52:29','查询操作',1),(1749,'商品报溢单查询','2017-12-14 22:52:30','查询操作',1),(1750,'用户登录','2017-12-15 10:05:29','登录操作',1),(1751,'查询商品信息','2017-12-15 10:05:30','查询操作',1),(1752,'查询商品库存信息','2017-12-15 10:06:08','查询操作',1),(1753,'查询商品库存信息','2017-12-15 10:06:08','查询操作',1),(1754,'用户登录','2017-12-15 21:35:20','登录操作',1),(1755,'查询商品信息','2017-12-15 21:35:20','查询操作',1),(1756,'查询商品库存信息','2017-12-15 21:35:22','查询操作',1),(1757,'查询商品库存信息','2017-12-15 21:35:22','查询操作',1),(1758,'用户登录','2017-12-15 21:36:04','登录操作',1),(1759,'查询商品信息','2017-12-15 21:36:05','查询操作',1),(1760,'查询商品库存信息','2017-12-15 21:36:08','查询操作',1),(1761,'查询商品库存信息','2017-12-15 21:36:08','查询操作',1),(1762,'查询所有商品类别信息','2017-12-15 21:36:10','查询操作',1),(1763,'查询商品库存信息','2017-12-15 21:36:12','查询操作',1),(1764,'添加商品类别信息','2017-12-15 21:36:15','添加操作',1),(1765,'查询所有商品类别信息','2017-12-15 21:36:15','查询操作',1),(1766,'查询商品库存信息','2017-12-15 21:36:17','查询操作',1),(1767,'删除商品类别信息GoodsType [id=22, name=x, state=0, icon=icon-folder, pId=21]','2017-12-15 21:36:18','删除操作',1),(1768,'查询所有商品类别信息','2017-12-15 21:36:19','查询操作',1),(1769,'查询商品库存信息','2017-12-15 21:36:23','查询操作',1),(1770,'查询所有商品类别信息','2017-12-15 21:36:38','查询操作',1),(1771,'添加报溢单','2017-12-15 21:36:43','添加操作',1),(1772,'查询商品库存信息','2017-12-15 21:36:45','查询操作',1),(1773,'查询商品库存信息','2017-12-15 21:36:45','查询操作',1),(1774,'查询所有商品类别信息','2017-12-15 21:36:45','查询操作',1),(1775,'添加报溢单','2017-12-15 21:36:50','添加操作',1),(1776,'查询商品库存信息','2017-12-15 21:36:51','查询操作',1),(1777,'查询商品库存信息','2017-12-15 21:36:52','查询操作',1),(1778,'报损单查询','2017-12-15 21:47:09','查询操作',1),(1779,'报损单商品查询','2017-12-15 21:47:11','查询操作',1),(1780,'报损单商品查询','2017-12-15 21:47:12','查询操作',1),(1781,'报损单商品查询','2017-12-15 21:47:12','查询操作',1),(1782,'报溢单查询','2017-12-15 21:47:15','查询操作',1),(1783,'报溢单商品查询','2017-12-15 21:47:21','查询操作',1),(1784,'报溢单商品查询','2017-12-15 21:47:21','查询操作',1),(1785,'报溢单商品查询','2017-12-15 21:47:22','查询操作',1),(1786,'报溢单商品查询','2017-12-15 21:47:23','查询操作',1),(1787,'报溢单商品查询','2017-12-15 21:47:23','查询操作',1),(1788,'报溢单商品查询','2017-12-15 21:47:24','查询操作',1),(1789,'报溢单商品查询','2017-12-15 21:47:24','查询操作',1),(1790,'报溢单商品查询','2017-12-15 21:47:25','查询操作',1),(1791,'报溢单商品查询','2017-12-15 21:47:25','查询操作',1),(1792,'报溢单商品查询','2017-12-15 21:47:25','查询操作',1),(1793,'报溢单商品查询','2017-12-15 21:47:26','查询操作',1),(1794,'报溢单商品查询','2017-12-15 21:47:26','查询操作',1),(1795,'报溢单商品查询','2017-12-15 21:47:27','查询操作',1),(1796,'报溢单商品查询','2017-12-15 21:47:27','查询操作',1),(1797,'报溢单商品查询','2017-12-15 21:47:28','查询操作',1),(1798,'报溢单查询','2017-12-15 21:47:31','查询操作',1),(1799,'报溢单查询','2017-12-15 21:47:33','查询操作',1),(1800,'报溢单商品查询','2017-12-15 21:47:34','查询操作',1),(1801,'报溢单商品查询','2017-12-15 21:47:34','查询操作',1),(1802,'用户登录','2017-12-16 19:58:58','登录操作',1),(1803,'查询商品信息','2017-12-16 19:58:59','查询操作',1),(1804,'用户登录','2017-12-16 21:52:24','登录操作',1),(1805,'查询商品信息','2017-12-16 21:52:25','查询操作',1),(1806,'查询库存报警商品信息','2017-12-16 21:52:28','查询操作',1),(1807,'用户登录','2017-12-17 22:32:51','登录操作',1),(1808,'查询商品信息','2017-12-17 22:32:52','查询操作',1),(1809,'退货单查询','2017-12-17 22:32:54','查询操作',1),(1810,'进货单查询','2017-12-17 22:32:54','查询操作',1),(1811,'进货单商品查询','2017-12-17 22:32:56','查询操作',1),(1812,'退货单商品查询','2017-12-17 22:32:56','查询操作',1),(1813,'退货单商品查询','2017-12-17 22:32:57','查询操作',1),(1814,'进货单商品查询','2017-12-17 22:32:57','查询操作',1),(1815,'进货单查询','2017-12-17 22:33:01','查询操作',1),(1816,'退货单查询','2017-12-17 22:33:01','查询操作',1),(1817,'退货单查询','2017-12-17 22:33:03','查询操作',1),(1818,'进货单查询','2017-12-17 22:33:03','查询操作',1),(1819,'进货单查询','2017-12-17 22:33:04','查询操作',1),(1820,'退货单查询','2017-12-17 22:33:04','查询操作',1),(1821,'退货单查询','2017-12-17 22:33:19','查询操作',1),(1822,'进货单查询','2017-12-17 22:33:19','查询操作',1),(1823,'退货单商品查询','2017-12-17 22:33:21','查询操作',1),(1824,'退货单商品查询','2017-12-17 22:33:21','查询操作',1),(1825,'进货单商品查询','2017-12-17 22:33:21','查询操作',1),(1826,'退货单商品查询','2017-12-17 22:33:22','查询操作',1),(1827,'退货单查询','2017-12-17 22:33:24','查询操作',1),(1828,'进货单查询','2017-12-17 22:33:24','查询操作',1),(1829,'用户登录','2017-12-17 23:01:53','登录操作',1),(1830,'查询商品信息','2017-12-17 23:01:54','查询操作',1),(1831,'进货单查询','2017-12-17 23:03:56','查询操作',1),(1832,'退货单查询','2017-12-17 23:03:56','查询操作',1),(1833,'退货单查询','2017-12-17 23:04:31','查询操作',1),(1834,'进货单查询','2017-12-17 23:04:31','查询操作',1),(1835,'进货单查询','2017-12-17 23:04:40','查询操作',1),(1836,'退货单查询','2017-12-17 23:04:40','查询操作',1),(1837,'进货单商品查询','2017-12-17 23:04:47','查询操作',1),(1838,'进货单商品查询','2017-12-17 23:04:48','查询操作',1),(1839,'进货单商品查询','2017-12-17 23:04:49','查询操作',1),(1840,'进货单商品查询','2017-12-17 23:04:49','查询操作',1),(1841,'进货单商品查询','2017-12-17 23:04:52','查询操作',1),(1842,'退货单查询','2017-12-17 23:04:55','查询操作',1),(1843,'进货单查询','2017-12-17 23:04:55','查询操作',1),(1844,'进货单商品查询','2017-12-17 23:04:57','查询操作',1),(1845,'退货单查询','2017-12-17 23:05:00','查询操作',1),(1846,'进货单查询','2017-12-17 23:05:00','查询操作',1),(1847,'退货单查询','2017-12-17 23:05:01','查询操作',1),(1848,'进货单查询','2017-12-17 23:05:01','查询操作',1),(1849,'进货单查询','2017-12-17 23:05:07','查询操作',1),(1850,'退货单查询','2017-12-17 23:05:07','查询操作',1),(1851,'进货单查询','2017-12-17 23:05:09','查询操作',1),(1852,'退货单查询','2017-12-17 23:05:09','查询操作',1),(1853,'退货单查询','2017-12-17 23:05:14','查询操作',1),(1854,'进货单查询','2017-12-17 23:05:14','查询操作',1),(1855,'进货单商品查询','2017-12-17 23:05:15','查询操作',1),(1856,'进货单商品查询','2017-12-17 23:05:34','查询操作',1),(1857,'进货单商品查询','2017-12-17 23:05:35','查询操作',1),(1858,'进货单商品查询','2017-12-17 23:05:37','查询操作',1),(1859,'进货单商品查询','2017-12-17 23:05:38','查询操作',1),(1860,'进货单商品查询','2017-12-17 23:05:39','查询操作',1),(1861,'进货单商品查询','2017-12-17 23:05:40','查询操作',1),(1862,'进货单商品查询','2017-12-17 23:05:41','查询操作',1),(1863,'进货单商品查询','2017-12-17 23:05:47','查询操作',1),(1864,'进货单查询','2017-12-17 23:06:21','查询操作',1),(1865,'退货单查询','2017-12-17 23:06:21','查询操作',1),(1866,'进货单商品查询','2017-12-17 23:06:22','查询操作',1),(1867,'进货单商品查询','2017-12-17 23:06:25','查询操作',1),(1868,'进货单商品查询','2017-12-17 23:06:26','查询操作',1),(1869,'进货单商品查询','2017-12-17 23:06:27','查询操作',1),(1870,'进货单商品查询','2017-12-17 23:06:28','查询操作',1),(1871,'进货单商品查询','2017-12-17 23:06:29','查询操作',1),(1872,'进货单商品查询','2017-12-17 23:07:32','查询操作',1),(1873,'进货单查询','2017-12-17 23:08:07','查询操作',1),(1874,'退货单查询','2017-12-17 23:08:07','查询操作',1),(1875,'进货单商品查询','2017-12-17 23:08:08','查询操作',1),(1876,'退货单商品查询','2017-12-17 23:08:08','查询操作',1),(1877,'退货单商品查询','2017-12-17 23:08:10','查询操作',1),(1878,'退货单商品查询','2017-12-17 23:08:11','查询操作',1),(1879,'进货单商品查询','2017-12-17 23:08:12','查询操作',1),(1880,'进货单商品查询','2017-12-17 23:08:12','查询操作',1),(1881,'进货单商品查询','2017-12-17 23:08:13','查询操作',1),(1882,'退货单商品查询','2017-12-17 23:08:13','查询操作',1),(1883,'退货单商品查询','2017-12-17 23:08:13','查询操作',1),(1884,'退货单商品查询','2017-12-17 23:08:14','查询操作',1),(1885,'进货单商品查询','2017-12-17 23:08:15','查询操作',1),(1886,'进货单商品查询','2017-12-17 23:08:15','查询操作',1),(1887,'进货单商品查询','2017-12-17 23:08:15','查询操作',1),(1888,'退货单商品查询','2017-12-17 23:08:16','查询操作',1),(1889,'退货单商品查询','2017-12-17 23:08:16','查询操作',1),(1890,'用户登录','2017-12-18 18:52:21','登录操作',1),(1891,'查询商品信息','2017-12-18 18:52:22','查询操作',1),(1892,'退货单查询','2017-12-18 18:52:28','查询操作',1),(1893,'进货单查询','2017-12-18 18:52:28','查询操作',1),(1894,'退货单商品查询','2017-12-18 18:52:33','查询操作',1),(1895,'退货单查询','2017-12-18 18:52:41','查询操作',1),(1896,'进货单查询','2017-12-18 18:52:41','查询操作',1),(1897,'退货单商品查询','2017-12-18 18:52:44','查询操作',1),(1898,'进货单查询','2017-12-18 18:56:24','查询操作',1),(1899,'退货单查询','2017-12-18 18:56:24','查询操作',1),(1900,'进货单商品查询','2017-12-18 18:56:26','查询操作',1),(1901,'进货单查询','2017-12-18 18:56:28','查询操作',1),(1902,'退货单查询','2017-12-18 18:56:28','查询操作',1),(1903,'进货单商品查询','2017-12-18 18:56:29','查询操作',1),(1904,'退货单查询','2017-12-18 18:56:31','查询操作',1),(1905,'进货单查询','2017-12-18 18:56:31','查询操作',1),(1906,'进货单商品查询','2017-12-18 18:56:32','查询操作',1),(1907,'退货单查询','2017-12-18 18:56:44','查询操作',1),(1908,'进货单查询','2017-12-18 18:56:44','查询操作',1),(1909,'退货单商品查询','2017-12-18 18:56:45','查询操作',1),(1910,'退货单查询','2017-12-18 18:56:47','查询操作',1),(1911,'进货单查询','2017-12-18 18:56:47','查询操作',1),(1912,'退货单查询','2017-12-18 18:56:48','查询操作',1),(1913,'进货单查询','2017-12-18 18:56:48','查询操作',1),(1914,'退货单商品查询','2017-12-18 18:56:49','查询操作',1),(1915,'进货单查询','2017-12-18 18:56:51','查询操作',1),(1916,'退货单查询','2017-12-18 18:56:51','查询操作',1),(1917,'用户登录','2017-12-18 22:03:29','登录操作',1),(1918,'查询商品信息','2017-12-18 22:03:29','查询操作',1),(1919,'进货单查询','2017-12-18 22:03:39','查询操作',1),(1920,'退货单查询','2017-12-18 22:03:39','查询操作',1),(1921,'退货单商品查询','2017-12-18 22:03:41','查询操作',1),(1922,'退货单商品查询','2017-12-18 22:03:42','查询操作',1),(1923,'退货单商品查询','2017-12-18 22:03:42','查询操作',1),(1924,'进货单查询','2017-12-18 22:07:32','查询操作',1),(1925,'退货单查询','2017-12-18 22:07:32','查询操作',1),(1926,'进货单商品查询','2017-12-18 22:07:34','查询操作',1),(1927,'退货单商品查询','2017-12-18 22:07:34','查询操作',1),(1928,'进货单商品查询','2017-12-18 22:07:36','查询操作',1),(1929,'退货单查询','2017-12-18 22:07:44','查询操作',1),(1930,'进货单查询','2017-12-18 22:07:44','查询操作',1),(1931,'退货单商品查询','2017-12-18 22:07:49','查询操作',1),(1932,'进货单查询','2017-12-18 22:07:54','查询操作',1),(1933,'退货单查询','2017-12-18 22:07:54','查询操作',1),(1934,'退货单商品查询','2017-12-18 22:07:55','查询操作',1),(1935,'退货单查询','2017-12-18 22:07:58','查询操作',1),(1936,'进货单查询','2017-12-18 22:07:58','查询操作',1),(1937,'退货单查询','2017-12-18 22:08:14','查询操作',1),(1938,'进货单查询','2017-12-18 22:08:14','查询操作',1),(1939,'进货单商品查询','2017-12-18 22:08:16','查询操作',1),(1940,'进货单商品查询','2017-12-18 22:08:16','查询操作',1),(1941,'退货单商品查询','2017-12-18 22:08:16','查询操作',1),(1942,'用户登录','2017-12-19 19:51:54','登录操作',1),(1943,'查询商品信息','2017-12-19 19:51:55','查询操作',1),(1944,'客户退货单查询','2017-12-19 19:51:57','查询操作',1),(1945,'销售单查询','2017-12-19 19:51:57','查询操作',1),(1946,'客户退货单商品查询','2017-12-19 19:51:58','查询操作',1),(1947,'销售单商品查询','2017-12-19 19:51:59','查询操作',1),(1948,'销售单商品查询','2017-12-19 19:51:59','查询操作',1),(1949,'客户退货单商品查询','2017-12-19 19:51:59','查询操作',1),(1950,'销售单查询','2017-12-19 19:52:03','查询操作',1),(1951,'客户退货单查询','2017-12-19 19:52:03','查询操作',1),(1952,'客户退货单查询','2017-12-19 19:52:06','查询操作',1),(1953,'销售单查询','2017-12-19 19:52:06','查询操作',1),(1954,'销售单查询','2017-12-19 19:52:08','查询操作',1),(1955,'客户退货单查询','2017-12-19 19:52:08','查询操作',1),(1956,'客户退货单查询','2017-12-19 19:52:11','查询操作',1),(1957,'销售单查询','2017-12-19 19:52:11','查询操作',1),(1958,'销售单查询','2017-12-19 19:52:19','查询操作',1),(1959,'客户退货单查询','2017-12-19 19:52:19','查询操作',1),(1960,'客户退货单查询','2017-12-19 19:52:47','查询操作',1),(1961,'销售单查询','2017-12-19 19:52:47','查询操作',1),(1962,'客户退货单查询','2017-12-19 19:52:53','查询操作',1),(1963,'销售单查询','2017-12-19 19:52:53','查询操作',1),(1964,'客户退货单查询','2017-12-19 19:52:56','查询操作',1),(1965,'销售单查询','2017-12-19 19:52:56','查询操作',1),(1966,'销售单商品查询','2017-12-19 19:52:57','查询操作',1),(1967,'客户退货单商品查询','2017-12-19 19:52:57','查询操作',1),(1968,'销售单商品查询','2017-12-19 19:52:57','查询操作',1),(1969,'用户登录','2017-12-19 19:58:31','登录操作',1),(1970,'查询商品信息','2017-12-19 19:58:32','查询操作',1),(1971,'销售单查询','2017-12-19 20:01:56','查询操作',1),(1972,'客户退货单查询','2017-12-19 20:01:56','查询操作',1),(1973,'销售单商品查询','2017-12-19 20:02:30','查询操作',1),(1974,'销售单查询','2017-12-19 20:02:32','查询操作',1),(1975,'客户退货单查询','2017-12-19 20:02:32','查询操作',1),(1976,'客户退货单商品查询','2017-12-19 20:02:33','查询操作',1),(1977,'客户退货单查询','2017-12-19 20:02:35','查询操作',1),(1978,'销售单查询','2017-12-19 20:02:35','查询操作',1),(1979,'客户退货单商品查询','2017-12-19 20:02:37','查询操作',1),(1980,'客户退货单查询','2017-12-19 20:02:38','查询操作',1),(1981,'销售单查询','2017-12-19 20:02:38','查询操作',1),(1982,'客户退货单商品查询','2017-12-19 20:02:39','查询操作',1),(1983,'用户登录','2017-12-19 21:56:09','登录操作',1),(1984,'查询商品信息','2017-12-19 21:56:09','查询操作',1),(1985,'客户退货单查询','2017-12-19 21:56:15','查询操作',1),(1986,'销售单查询','2017-12-19 21:56:15','查询操作',1),(1987,'客户退货单查询','2017-12-19 21:56:18','查询操作',1),(1988,'销售单查询','2017-12-19 21:56:18','查询操作',1),(1989,'销售单查询','2017-12-19 21:56:25','查询操作',1),(1990,'客户退货单查询','2017-12-19 21:56:25','查询操作',1),(1991,'销售单查询','2017-12-19 21:57:51','查询操作',1),(1992,'客户退货单查询','2017-12-19 21:57:51','查询操作',1),(1993,'销售单查询','2017-12-19 21:57:59','查询操作',1),(1994,'客户退货单查询','2017-12-19 21:57:59','查询操作',1),(1995,'销售单查询','2017-12-19 21:58:03','查询操作',1),(1996,'客户退货单查询','2017-12-19 21:58:03','查询操作',1),(1997,'客户退货单查询','2017-12-19 21:58:06','查询操作',1),(1998,'销售单查询','2017-12-19 21:58:06','查询操作',1),(1999,'销售单查询','2017-12-19 21:58:08','查询操作',1),(2000,'客户退货单查询','2017-12-19 21:58:08','查询操作',1),(2001,'客户退货单商品查询','2017-12-19 21:58:11','查询操作',1),(2002,'用户登录','2017-12-19 22:02:12','登录操作',1),(2003,'查询商品信息','2017-12-19 22:02:13','查询操作',1),(2004,'客户退货单查询','2017-12-19 22:02:17','查询操作',1),(2005,'销售单查询','2017-12-19 22:02:17','查询操作',1),(2006,'客户退货单查询','2017-12-19 22:02:36','查询操作',1),(2007,'销售单查询','2017-12-19 22:02:36','查询操作',1),(2008,'客户退货单商品查询','2017-12-19 22:02:37','查询操作',1),(2009,'销售单查询','2017-12-19 22:02:41','查询操作',1),(2010,'客户退货单查询','2017-12-19 22:02:41','查询操作',1),(2011,'客户退货单商品查询','2017-12-19 22:02:44','查询操作',1),(2012,'客户退货单查询','2017-12-19 22:02:52','查询操作',1),(2013,'销售单查询','2017-12-19 22:02:52','查询操作',1),(2014,'销售单商品查询','2017-12-19 22:02:54','查询操作',1),(2015,'客户退货单查询','2017-12-19 22:02:55','查询操作',1),(2016,'销售单查询','2017-12-19 22:02:55','查询操作',1),(2017,'查询商品库存信息','2017-12-22 23:18:50','查询操作',1),(2018,'查询商品库存信息','2017-12-22 23:18:50','查询操作',1),(2019,'查询所有商品类别信息','2017-12-22 23:18:52','查询操作',1),(2020,'查询所有商品类别信息','2017-12-22 23:19:13','查询操作',1),(2021,'添加销售单','2017-12-22 23:19:20','添加操作',1),(2022,'查询商品库存信息','2017-12-22 23:19:21','查询操作',1),(2023,'查询商品库存信息','2017-12-22 23:19:21','查询操作',1),(2024,'销售单查询','2017-12-22 23:19:59','查询操作',1),(2025,'销售单商品查询','2017-12-22 23:20:04','查询操作',1),(2026,'查询所有商品类别信息','2017-12-22 23:20:21','查询操作',1),(2027,'查询商品单位信息','2017-12-22 23:20:21','查询操作',1),(2028,'查询商品单位信息','2017-12-22 23:20:21','查询操作',1),(2029,'查询商品库存信息','2017-12-22 23:20:21','查询操作',1),(2030,'查询商品库存信息','2017-12-22 23:20:21','查询操作',1),(2031,'查询商品库存信息','2017-12-22 23:20:27','查询操作',1),(2032,'查询商品库存信息','2017-12-22 23:20:50','查询操作',1),(2033,'用户登录','2017-12-23 19:15:55','登录操作',1),(2034,'查询商品信息','2017-12-23 19:15:56','查询操作',1),(2035,'用户登录','2017-12-23 19:18:31','登录操作',1),(2036,'查询商品信息','2017-12-23 19:18:31','查询操作',1),(2037,'用户登录','2017-12-23 21:25:39','登录操作',1),(2038,'查询商品信息','2017-12-23 21:25:40','查询操作',1),(2039,'用户登录','2017-12-23 21:26:29','登录操作',1),(2040,'查询商品信息','2017-12-23 21:26:30','查询操作',1),(2041,'用户登录','2017-12-23 21:33:35','登录操作',1),(2042,'查询商品信息','2017-12-23 21:33:35','查询操作',1),(2043,'查询商品信息','2017-12-23 21:34:37','查询操作',1),(2044,'查询商品库存信息','2017-12-23 21:34:51','查询操作',1),(2045,'查询商品库存信息','2017-12-23 21:34:51','查询操作',1),(2046,'查询所有商品类别信息','2017-12-23 21:34:52','查询操作',1),(2047,'查询所有商品类别信息','2017-12-23 21:35:01','查询操作',1),(2048,'添加销售单','2017-12-23 21:35:08','添加操作',1),(2049,'查询商品库存信息','2017-12-23 21:35:09','查询操作',1),(2050,'查询商品库存信息','2017-12-23 21:35:09','查询操作',1),(2051,'用户登录','2017-12-26 19:14:22','登录操作',1),(2052,'查询商品信息','2017-12-26 19:14:22','查询操作',1),(2053,'用户登录','2017-12-26 19:15:41','登录操作',1),(2054,'查询商品信息','2017-12-26 19:15:41','查询操作',1),(2055,'查询商品库存信息','2017-12-26 19:20:07','查询操作',1),(2056,'查询商品库存信息','2017-12-26 19:20:07','查询操作',1),(2057,'查询所有商品类别信息','2017-12-26 19:20:08','查询操作',1),(2058,'添加销售单','2017-12-26 19:20:17','添加操作',1),(2059,'查询商品库存信息','2017-12-26 19:20:18','查询操作',1),(2060,'查询商品库存信息','2017-12-26 19:20:18','查询操作',1),(2061,'用户登录','2017-12-26 22:00:33','登录操作',1),(2062,'查询商品信息','2017-12-26 22:00:34','查询操作',1),(2063,'查询商品库存信息','2017-12-26 22:16:08','查询操作',1),(2064,'查询商品库存信息','2017-12-26 22:16:08','查询操作',1),(2065,'查询所有商品类别信息','2017-12-26 22:16:09','查询操作',1),(2066,'添加销售单','2017-12-26 22:16:16','添加操作',1),(2067,'查询商品库存信息','2017-12-26 22:16:17','查询操作',1),(2068,'查询商品库存信息','2017-12-26 22:16:17','查询操作',1),(2069,'查询商品信息','2017-12-26 22:17:15','查询操作',1),(2070,'查询商品信息','2017-12-26 22:18:26','查询操作',1),(2071,'查询商品信息','2017-12-26 22:19:16','查询操作',1),(2072,'用户登录','2017-12-26 22:20:31','登录操作',1),(2073,'查询商品信息','2017-12-26 22:20:32','查询操作',1),(2074,'用户登录','2017-12-27 20:22:25','登录操作',1),(2075,'查询商品信息','2017-12-27 20:22:26','查询操作',1),(2076,'查询商品信息','2017-12-27 20:23:29','查询操作',1),(2077,'用户登录','2017-12-27 22:39:09','登录操作',1),(2078,'查询商品信息','2017-12-27 22:39:10','查询操作',1),(2079,'用户登录','2017-12-28 20:46:21','登录操作',1),(2080,'查询商品信息','2017-12-28 20:46:21','查询操作',1),(2081,'用户登录','2017-12-28 23:16:16','登录操作',1),(2082,'查询商品信息','2017-12-28 23:16:17','查询操作',1),(2083,'查询商品信息','2017-12-28 23:17:02','查询操作',1);

/*Table structure for table `t_menu` */

DROP TABLE IF EXISTS `t_menu`;

CREATE TABLE `t_menu` (
  `id` int(11) NOT NULL AUTO_INCREMENT,
  `icon` varchar(100) DEFAULT NULL,
  `name` varchar(50) DEFAULT NULL,
  `p_id` int(11) DEFAULT NULL,
  `state` int(11) DEFAULT NULL,
  `url` varchar(200) DEFAULT NULL,
  PRIMARY KEY (`id`)
) ENGINE=InnoDB AUTO_INCREMENT=6051 DEFAULT CHARSET=utf8;

/*Data for the table `t_menu` */

insert  into `t_menu`(`id`,`icon`,`name`,`p_id`,`state`,`url`) values (1,'menu-plugin','系统菜单',-1,1,NULL),(10,'menu-1','进货管理',1,1,NULL),(20,'menu-2','销售管理',1,1,NULL),(30,'menu-3','库存管理',1,1,NULL),(40,'menu-4','统计报表',1,1,NULL),(50,'menu-5','基础资料',1,1,NULL),(60,'menu-6','系统管理',1,1,NULL),(1010,'menu-11','进货入库',10,0,'/purchase/purchase.html'),(1020,'menu-12','退货出库',10,0,'/purchase/return.html'),(1030,'menu-13','进货单据查询',10,0,'/purchase/purchaseSearch.html'),(1040,'menu-14','退货单据查询',10,0,'/purchase/returnSearch.html'),(1050,'menu-15','当前库存查询',10,0,'/common/stockSearch.html'),(2010,'menu-21','销售出库',20,0,'/sale/saleout.html'),(2020,'menu-22','客户退货',20,0,'/sale/salereturn.html'),(2030,'menu-23','销售单据查询',20,0,'/sale/saleSearch.html'),(2040,'menu-24','客户退货查询',20,0,'/sale/returnSearch.html'),(2050,'menu-25','当前库存查询',20,0,'/common/stockSearch.html'),(3010,'menu-31','商品报损',30,0,'/stock/damage.html'),(3020,'menu-32','商品报溢',30,0,'/stock/overflow.html'),(3030,'menu-33','库存报警',30,0,'/stock/alarm.html'),(3040,'menu-34','报损报溢查询',30,0,'/stock/damageOverflowSearch.html'),(3050,'menu-35','当前库存查询',30,0,'/common/stockSearch.html'),(4010,'menu-41','供应商统计',40,0,'/count/supplier.html'),(4020,'menu-42','客户统计',40,0,'/count/customer.html'),(4030,'menu-43','商品采购统计',40,0,'/count/purchase.html'),(4040,'menu-44','商品销售统计',40,0,'/count/sale.html'),(4050,'menu-45','按日统计分析',40,0,'/count/saleDay.html'),(4060,'menu-46','按月统计分析',40,0,'/count/saleMonth.html'),(5010,'menu-51','供应商管理',50,0,'/basicData/supplier.html'),(5020,'menu-52','客户管理',50,0,'/basicData/customer.html'),(5030,'menu-53','商品管理',50,0,'/basicData/goods.html'),(5040,'menu-54','期初库存',50,0,'/basicData/stock.html'),(6010,'menu-61','角色管理',60,0,'/power/role.html'),(6020,'menu-62','用户管理',60,0,'/power/user.html'),(6030,'menu-65','系统日志',60,0,'/power/log.html'),(6040,'menu-63','修改密码',60,0,NULL),(6050,'menu-64','安全退出',60,0,NULL);

/*Table structure for table `t_overflow_list` */

DROP TABLE IF EXISTS `t_overflow_list`;

CREATE TABLE `t_overflow_list` (
  `id` int(11) NOT NULL AUTO_INCREMENT,
  `overflow_date` datetime DEFAULT NULL,
  `overflow_number` varchar(100) DEFAULT NULL,
  `remarks` varchar(1000) DEFAULT NULL,
  `user_id` int(11) DEFAULT NULL,
  PRIMARY KEY (`id`),
  KEY `FK3bu8hj2xniqwbrtg6ls6b8ej2` (`user_id`),
  CONSTRAINT `FK3bu8hj2xniqwbrtg6ls6b8ej2` FOREIGN KEY (`user_id`) REFERENCES `t_user` (`id`)
) ENGINE=InnoDB AUTO_INCREMENT=5 DEFAULT CHARSET=utf8;

/*Data for the table `t_overflow_list` */

insert  into `t_overflow_list`(`id`,`overflow_date`,`overflow_number`,`remarks`,`user_id`) values (1,'2017-12-14 00:00:00','BY201712140001','cc',1),(2,'2017-12-14 00:00:00','BY201712140002','cc',1),(3,'2017-12-15 00:00:00','BY201712150001','cc',1),(4,'2017-12-15 00:00:00','BY201712150002','cccc',1);

/*Table structure for table `t_overflow_list_goods` */

DROP TABLE IF EXISTS `t_overflow_list_goods`;

CREATE TABLE `t_overflow_list_goods` (
  `id` int(11) NOT NULL AUTO_INCREMENT,
  `code` varchar(50) DEFAULT NULL,
  `goods_id` int(11) DEFAULT NULL,
  `model` varchar(50) DEFAULT NULL,
  `name` varchar(50) DEFAULT NULL,
  `num` int(11) NOT NULL,
  `price` float NOT NULL,
  `total` float NOT NULL,
  `unit` varchar(10) DEFAULT NULL,
  `overflow_list_id` int(11) DEFAULT NULL,
  `type_id` int(11) DEFAULT NULL,
  PRIMARY KEY (`id`),
  KEY `FKd3s9761mgl456tn2xb0d164h7` (`overflow_list_id`),
  KEY `FK8t46iik5kpciki8fnqtiuq5q3` (`type_id`),
  CONSTRAINT `FK8t46iik5kpciki8fnqtiuq5q3` FOREIGN KEY (`type_id`) REFERENCES `t_goodstype` (`id`),
  CONSTRAINT `FKd3s9761mgl456tn2xb0d164h7` FOREIGN KEY (`overflow_list_id`) REFERENCES `t_overflow_list` (`id`)
) ENGINE=InnoDB AUTO_INCREMENT=7 DEFAULT CHARSET=utf8;

/*Data for the table `t_overflow_list_goods` */

insert  into `t_overflow_list_goods`(`id`,`code`,`goods_id`,`model`,`name`,`num`,`price`,`total`,`unit`,`overflow_list_id`,`type_id`) values (1,'0003',11,'500g装','野生东北黑木耳',1,22,22,'袋',1,11),(2,'0006',14,'300g装','冰糖金桔干',2,4,8,'盒',1,11),(3,'0005',13,'散装500克','麦片燕麦巧克力',1,8,8,'袋',2,11),(4,'0005',13,'散装500克','麦片燕麦巧克力',3,8,24,'袋',3,11),(5,'0008',16,'128g装','奕森奶油桃肉蜜饯果脯果干桃肉干休闲零食品',2,2,4,'盒',3,11),(6,'0006',14,'300g装','冰糖金桔干',2,4,8,'盒',4,11);

/*Table structure for table `t_purchase_list` */

DROP TABLE IF EXISTS `t_purchase_list`;

CREATE TABLE `t_purchase_list` (
  `id` int(11) NOT NULL AUTO_INCREMENT,
  `amount_paid` float NOT NULL,
  `amount_payable` float NOT NULL,
  `purchase_date` datetime DEFAULT NULL,
  `purchase_number` varchar(100) DEFAULT NULL,
  `remarks` varchar(1000) DEFAULT NULL,
  `state` int(11) DEFAULT NULL,
  `supplier_id` int(11) DEFAULT NULL,
  `user_id` int(11) DEFAULT NULL,
  PRIMARY KEY (`id`),
  KEY `FK5j2dev8b2b5d0l69nb8vtr4yb` (`supplier_id`),
  KEY `FK69s6eyxr4wwvsywe9hbthef1h` (`user_id`),
  CONSTRAINT `FK5j2dev8b2b5d0l69nb8vtr4yb` FOREIGN KEY (`supplier_id`) REFERENCES `t_supplier` (`id`),
  CONSTRAINT `FK69s6eyxr4wwvsywe9hbthef1h` FOREIGN KEY (`user_id`) REFERENCES `t_user` (`id`)
) ENGINE=InnoDB AUTO_INCREMENT=9 DEFAULT CHARSET=utf8;

/*Data for the table `t_purchase_list` */

insert  into `t_purchase_list`(`id`,`amount_paid`,`amount_payable`,`purchase_date`,`purchase_number`,`remarks`,`state`,`supplier_id`,`user_id`) values (6,4442,4442,'2017-12-04 00:00:00','JH201712040001','cc',2,1,1),(8,16,16,'2017-12-04 00:00:00','JH201712040003','',2,2,1);

/*Table structure for table `t_purchase_list_goods` */

DROP TABLE IF EXISTS `t_purchase_list_goods`;

CREATE TABLE `t_purchase_list_goods` (
  `id` int(11) NOT NULL AUTO_INCREMENT,
  `code` varchar(50) DEFAULT NULL,
  `goods_id` int(11) DEFAULT NULL,
  `model` varchar(50) DEFAULT NULL,
  `name` varchar(50) DEFAULT NULL,
  `num` float NOT NULL,
  `price` float NOT NULL,
  `total` float NOT NULL,
  `unit` varchar(10) DEFAULT NULL,
  `purchase_list_id` int(11) DEFAULT NULL,
  `type_id` int(11) DEFAULT NULL,
  PRIMARY KEY (`id`),
  KEY `FKfvdvgcebqkkokyn0o00idqnpy` (`purchase_list_id`),
  KEY `FK83ikbi2x3epn49fwcco8jlfwu` (`type_id`),
  CONSTRAINT `FK83ikbi2x3epn49fwcco8jlfwu` FOREIGN KEY (`type_id`) REFERENCES `t_goodstype` (`id`),
  CONSTRAINT `FKfvdvgcebqkkokyn0o00idqnpy` FOREIGN KEY (`purchase_list_id`) REFERENCES `t_purchase_list` (`id`)
) ENGINE=InnoDB AUTO_INCREMENT=14 DEFAULT CHARSET=utf8;

/*Data for the table `t_purchase_list_goods` */

insert  into `t_purchase_list_goods`(`id`,`code`,`goods_id`,`model`,`name`,`num`,`price`,`total`,`unit`,`purchase_list_id`,`type_id`) values (10,'0002',2,'Note8','华为荣耀Note8',2,2220,4440,'台',6,16),(11,'0008',16,'128g装','奕森奶油桃肉蜜饯果脯果干桃肉干休闲零食品',1,2,2,'盒',6,11),(13,'0006',14,'300g装','冰糖金桔干',4,4,16,'盒',8,11);

/*Table structure for table `t_return_list` */

DROP TABLE IF EXISTS `t_return_list`;

CREATE TABLE `t_return_list` (
  `id` int(11) NOT NULL AUTO_INCREMENT,
  `amount_paid` float NOT NULL,
  `amount_payable` float NOT NULL,
  `remarks` varchar(1000) DEFAULT NULL,
  `return_date` datetime DEFAULT NULL,
  `return_number` varchar(100) DEFAULT NULL,
  `state` int(11) DEFAULT NULL,
  `supplier_id` int(11) DEFAULT NULL,
  `user_id` int(11) DEFAULT NULL,
  PRIMARY KEY (`id`),
  KEY `FK4qxjj8bvj2etne243xluni0vn` (`supplier_id`),
  KEY `FK904juw2v1hm2av0ig26gae9jb` (`user_id`),
  CONSTRAINT `FK4qxjj8bvj2etne243xluni0vn` FOREIGN KEY (`supplier_id`) REFERENCES `t_supplier` (`id`),
  CONSTRAINT `FK904juw2v1hm2av0ig26gae9jb` FOREIGN KEY (`user_id`) REFERENCES `t_user` (`id`)
) ENGINE=InnoDB AUTO_INCREMENT=4 DEFAULT CHARSET=utf8;

/*Data for the table `t_return_list` */

insert  into `t_return_list`(`id`,`amount_paid`,`amount_payable`,`remarks`,`return_date`,`return_number`,`state`,`supplier_id`,`user_id`) values (1,197,197,'cc','2017-12-06 00:00:00','TH201712060001',2,5,1),(2,0,4464,'cc','2017-12-06 00:00:00','TH201712060001',1,1,1),(3,60,60,'','2017-12-06 00:00:00','TH201712060003',2,1,1);

/*Table structure for table `t_return_list_goods` */

DROP TABLE IF EXISTS `t_return_list_goods`;

CREATE TABLE `t_return_list_goods` (
  `id` int(11) NOT NULL AUTO_INCREMENT,
  `code` varchar(50) DEFAULT NULL,
  `goods_id` int(11) DEFAULT NULL,
  `model` varchar(50) DEFAULT NULL,
  `name` varchar(50) DEFAULT NULL,
  `num` int(11) NOT NULL,
  `price` float NOT NULL,
  `total` float NOT NULL,
  `unit` varchar(10) DEFAULT NULL,
  `return_list_id` int(11) DEFAULT NULL,
  `type_id` int(11) DEFAULT NULL,
  PRIMARY KEY (`id`),
  KEY `FKemclu281vyvyk063c3foafq1w` (`return_list_id`),
  KEY `FKa1prpd96fcs0x2oe0omny9vio` (`type_id`),
  CONSTRAINT `FKa1prpd96fcs0x2oe0omny9vio` FOREIGN KEY (`type_id`) REFERENCES `t_goodstype` (`id`),
  CONSTRAINT `FKemclu281vyvyk063c3foafq1w` FOREIGN KEY (`return_list_id`) REFERENCES `t_return_list` (`id`)
) ENGINE=InnoDB AUTO_INCREMENT=7 DEFAULT CHARSET=utf8;

/*Data for the table `t_return_list_goods` */

insert  into `t_return_list_goods`(`id`,`code`,`goods_id`,`model`,`name`,`num`,`price`,`total`,`unit`,`return_list_id`,`type_id`) values (1,'0001',1,'红色装','陶华碧老干妈香辣脆油辣椒',2,8.5,17,'瓶',1,10),(2,'0024',33,'A字裙','卓图女装立领针织格子印花拼接高腰A字裙2017秋冬新款碎花连衣裙',1,180,180,'件',1,6),(3,'0002',2,'Note8','华为荣耀Note8',2,2220,4440,'台',2,16),(4,'0005',13,'散装500克','麦片燕麦巧克力',3,8,24,'袋',2,11),(5,'0003',11,'500g装','野生东北黑木耳',2,22,44,'袋',3,11),(6,'0006',14,'300g装','冰糖金桔干',4,4,16,'盒',3,11);

/*Table structure for table `t_role` */

DROP TABLE IF EXISTS `t_role`;

CREATE TABLE `t_role` (
  `id` int(11) NOT NULL AUTO_INCREMENT,
  `name` varchar(50) DEFAULT NULL,
  `remarks` varchar(1000) DEFAULT NULL,
  PRIMARY KEY (`id`)
) ENGINE=InnoDB AUTO_INCREMENT=11 DEFAULT CHARSET=utf8;

/*Data for the table `t_role` */

insert  into `t_role`(`id`,`name`,`remarks`) values (1,'系统管理','管理员 最高权限'),(2,'主管','主管'),(4,'采购员','采购员'),(5,'销售经理','销售经理'),(7,'仓库管理员','仓库管理员'),(9,'总经理','总经理'),(10,'xxxx','dsf');

/*Table structure for table `t_role_menu` */

DROP TABLE IF EXISTS `t_role_menu`;

CREATE TABLE `t_role_menu` (
  `id` int(11) NOT NULL AUTO_INCREMENT,
  `menu_id` int(11) DEFAULT NULL,
  `role_id` int(11) DEFAULT NULL,
  PRIMARY KEY (`id`),
  KEY `FKhayg4ib6v7h1wyeyxhq6xlddq` (`menu_id`),
  KEY `FKsonb0rbt2u99hbrqqvv3r0wse` (`role_id`),
  CONSTRAINT `FKhayg4ib6v7h1wyeyxhq6xlddq` FOREIGN KEY (`menu_id`) REFERENCES `t_menu` (`id`),
  CONSTRAINT `FKsonb0rbt2u99hbrqqvv3r0wse` FOREIGN KEY (`role_id`) REFERENCES `t_role` (`id`)
) ENGINE=InnoDB AUTO_INCREMENT=111 DEFAULT CHARSET=utf8;

/*Data for the table `t_role_menu` */

insert  into `t_role_menu`(`id`,`menu_id`,`role_id`) values (2,1,1),(3,10,1),(4,20,1),(5,30,1),(6,40,1),(7,50,1),(8,60,1),(9,1010,1),(10,1020,1),(11,1030,1),(12,1040,1),(13,1050,1),(14,2010,1),(15,2020,1),(16,2030,1),(17,2040,1),(18,2050,1),(19,3010,1),(20,3020,1),(21,3030,1),(22,3040,1),(23,3050,1),(24,4010,1),(25,4020,1),(26,4030,1),(27,4040,1),(28,4050,1),(29,4060,1),(30,5010,1),(31,5020,1),(32,5030,1),(33,5040,1),(34,6010,1),(35,6020,1),(36,10,2),(37,1010,2),(38,1020,2),(39,1030,2),(40,1040,2),(41,1050,2),(42,1,2),(43,6030,1),(44,6040,1),(45,1,4),(46,20,4),(47,2010,4),(48,1,5),(49,30,5),(50,3010,5),(64,6050,1),(65,1,7),(66,10,7),(67,1010,7),(68,1020,7),(69,1030,7),(70,1040,7),(71,1050,7),(72,20,7),(73,2010,7),(74,2020,7),(75,2030,7),(76,40,7),(77,4010,7),(78,4020,7),(79,1,9),(80,10,9),(81,1020,9),(82,20,9),(83,2020,9),(84,30,9),(85,3040,9),(86,3050,9),(87,40,9),(88,4040,9),(89,50,9),(90,5010,9),(91,5020,9),(92,5030,9),(93,5040,9),(94,60,9),(95,6050,9),(96,1,10),(97,10,10),(98,1030,10),(99,20,10),(100,2030,10),(101,40,10),(102,4040,10),(103,50,10),(104,5020,10),(105,60,10),(106,6010,10),(107,6020,10),(108,6030,10),(109,6040,10),(110,6050,10);

/*Table structure for table `t_sale_list` */

DROP TABLE IF EXISTS `t_sale_list`;

CREATE TABLE `t_sale_list` (
  `id` int(11) NOT NULL AUTO_INCREMENT,
  `amount_paid` float NOT NULL,
  `amount_payable` float NOT NULL,
  `remarks` varchar(1000) DEFAULT NULL,
  `sale_date` datetime DEFAULT NULL,
  `sale_number` varchar(100) DEFAULT NULL,
  `state` int(11) DEFAULT NULL,
  `customer_id` int(11) DEFAULT NULL,
  `user_id` int(11) DEFAULT NULL,
  PRIMARY KEY (`id`),
  KEY `FKox4qfs87eu3fvwdmrvelqhi8e` (`customer_id`),
  KEY `FK34bnujemrdqimbhg133enp8k8` (`user_id`),
  CONSTRAINT `FK34bnujemrdqimbhg133enp8k8` FOREIGN KEY (`user_id`) REFERENCES `t_user` (`id`),
  CONSTRAINT `FKox4qfs87eu3fvwdmrvelqhi8e` FOREIGN KEY (`customer_id`) REFERENCES `t_customer` (`id`)
) ENGINE=InnoDB AUTO_INCREMENT=8 DEFAULT CHARSET=utf8;

/*Data for the table `t_sale_list` */

insert  into `t_sale_list`(`id`,`amount_paid`,`amount_payable`,`remarks`,`sale_date`,`sale_number`,`state`,`customer_id`,`user_id`) values (2,449,449,'cc','2017-11-08 00:00:00','XS201712100002',1,2,1),(3,130,130,'cc','2017-08-12 00:00:00','XS201712120001',1,1,1),(4,140,140,'cc','2017-04-22 00:00:00','XS201712220001',1,1,1),(5,1390,1390,'cc','2016-12-23 00:00:00','XS201712230001',1,2,1),(6,3800,3800,'cc','2017-04-26 00:00:00','XS201712260001',1,2,1),(7,2200,2200,'','2017-05-26 00:00:00','XS201712260002',1,1,1);

/*Table structure for table `t_sale_list_goods` */

DROP TABLE IF EXISTS `t_sale_list_goods`;

CREATE TABLE `t_sale_list_goods` (
  `id` int(11) NOT NULL AUTO_INCREMENT,
  `code` varchar(50) DEFAULT NULL,
  `goods_id` int(11) DEFAULT NULL,
  `model` varchar(50) DEFAULT NULL,
  `name` varchar(50) DEFAULT NULL,
  `num` int(11) NOT NULL,
  `price` float NOT NULL,
  `total` float NOT NULL,
  `unit` varchar(10) DEFAULT NULL,
  `sale_list_id` int(11) DEFAULT NULL,
  `type_id` int(11) DEFAULT NULL,
  PRIMARY KEY (`id`),
  KEY `FK20ehd6ta9geyql4hxtdsnhbox` (`sale_list_id`),
  KEY `FKn9i5p1d8f0gek5x7q45cq8ibw` (`type_id`),
  CONSTRAINT `FK20ehd6ta9geyql4hxtdsnhbox` FOREIGN KEY (`sale_list_id`) REFERENCES `t_sale_list` (`id`),
  CONSTRAINT `FKn9i5p1d8f0gek5x7q45cq8ibw` FOREIGN KEY (`type_id`) REFERENCES `t_goodstype` (`id`)
) ENGINE=InnoDB AUTO_INCREMENT=12 DEFAULT CHARSET=utf8;

/*Data for the table `t_sale_list_goods` */

insert  into `t_sale_list_goods`(`id`,`code`,`goods_id`,`model`,`name`,`num`,`price`,`total`,`unit`,`sale_list_id`,`type_id`) values (3,'0010',18,'250g装','劲仔小鱼干',1,20,20,'袋',2,11),(4,'0006',14,'300g装','冰糖金桔干',33,13,429,'盒',2,11),(5,'0006',14,'300g装','冰糖金桔干',10,13,130,'盒',3,11),(6,'0003',11,'500g装','野生东北黑木耳',3,38,114,'袋',4,11),(7,'0006',14,'300g装','冰糖金桔干',2,13,26,'盒',4,11),(8,'0004',12,'2斤装','新疆红枣',10,25,250,'袋',5,10),(9,'0003',11,'500g装','野生东北黑木耳',30,38,1140,'袋',5,11),(10,'0003',11,'500g装','野生东北黑木耳',100,38,3800,'袋',6,11),(11,'0002',2,'Note8','华为荣耀Note8',1,2200,2200,'台',7,16);

/*Table structure for table `t_supplier` */

DROP TABLE IF EXISTS `t_supplier`;

CREATE TABLE `t_supplier` (
  `id` int(11) NOT NULL AUTO_INCREMENT,
  `address` varchar(300) DEFAULT NULL,
  `contact` varchar(50) DEFAULT NULL,
  `name` varchar(200) DEFAULT NULL,
  `number` varchar(50) DEFAULT NULL,
  `remarks` varchar(1000) DEFAULT NULL,
  PRIMARY KEY (`id`)
) ENGINE=InnoDB AUTO_INCREMENT=14 DEFAULT CHARSET=utf8;

/*Data for the table `t_supplier` */

insert  into `t_supplier`(`id`,`address`,`contact`,`name`,`number`,`remarks`) values (1,'上海市金山区张堰镇松金公路2072号6607室','小张','上海福桂食品有限公司','0773-7217175','失信供应商'),(2,'安徽省合肥市肥西县桃花工业园合派路','小王','安徽麦堡食品工业有限公司','0773-7217275',NULL),(3,'晋江市罗山后林西区41号','小李','福建省晋江市罗山惠康食品有限公司','1273-1217175','优质供应商'),(4,'南京市江宁区科学园竹山路565号1幢','小丽','南京含羞草食品有限公司','2121-7217175',NULL),(5,'南京市高淳县阳江镇新桥村下桥278号','王大狗','南京禾乃美工贸有限公司','2133-7217125',NULL),(6,'开平市水口镇东埠路６号','小七','开平广合腐乳有限公司','3332-7217175','2'),(7,'汕头市跃进路２３号利鸿基中心大厦写字楼２座','刘钩子','汕头市金茂食品有限公司','0723-7232175',NULL),(8,'南京市溧水区经济开发区','七枷社','南京喜之郎食品有限公司','1773-7217175',NULL),(9,'深圳市罗湖区翠竹北路中深石化区厂房B栋6楼','小蔡','深圳昌信实业有限公司','1773-7217175',NULL),(10,'南京市下关区金陵小区6村27-2-203室','小路','南京市下关区红鹰调味品商行','2132-7217175',NULL),(11,'荔浦县荔塔路１６－３６号','亲亲','桂林阜康食品工业有限公司','2123-7217175',NULL),(12,'南京鼓楼区世纪大楼123号','小二','南京大王科技','0112-1426789','123'),(13,'南京将军路800号','小吴','南京大陆食品公司','1243-2135487','cc');

/*Table structure for table `t_user` */

DROP TABLE IF EXISTS `t_user`;

CREATE TABLE `t_user` (
  `id` int(11) NOT NULL AUTO_INCREMENT,
  `password` varchar(50) DEFAULT NULL,
  `remarks` varchar(1000) DEFAULT NULL,
  `true_name` varchar(50) DEFAULT NULL,
  `user_name` varchar(50) DEFAULT NULL,
  PRIMARY KEY (`id`)
) ENGINE=InnoDB AUTO_INCREMENT=10 DEFAULT CHARSET=utf8;

/*Data for the table `t_user` */

insert  into `t_user`(`id`,`password`,`remarks`,`true_name`,`user_name`) values (1,'123','管理员','王大陆','admin'),(2,'123','主管','王大锤','jack'),(3,'123','销售经理','玛丽','marry'),(7,'dfs2','3122','212','fds'),(8,'322','sf','32','21'),(9,'21','21','21','212');

/*Table structure for table `t_user_role` */

DROP TABLE IF EXISTS `t_user_role`;

CREATE TABLE `t_user_role` (
  `id` int(11) NOT NULL AUTO_INCREMENT,
  `role_id` int(11) DEFAULT NULL,
  `user_id` int(11) DEFAULT NULL,
  PRIMARY KEY (`id`),
  KEY `FKa9c8iiy6ut0gnx491fqx4pxam` (`role_id`),
  KEY `FKq5un6x7ecoef5w1n39cop66kl` (`user_id`),
  CONSTRAINT `FKa9c8iiy6ut0gnx491fqx4pxam` FOREIGN KEY (`role_id`) REFERENCES `t_role` (`id`),
  CONSTRAINT `FKq5un6x7ecoef5w1n39cop66kl` FOREIGN KEY (`user_id`) REFERENCES `t_user` (`id`)
) ENGINE=InnoDB AUTO_INCREMENT=54 DEFAULT CHARSET=utf8;

/*Data for the table `t_user_role` */

insert  into `t_user_role`(`id`,`role_id`,`user_id`) values (1,1,1),(19,2,2),(20,4,2),(21,5,2),(28,2,3),(29,4,3),(30,5,3),(31,7,3),(43,2,7),(44,4,7),(45,5,7),(46,7,7),(47,9,7),(53,9,8);

/*!40101 SET SQL_MODE=@OLD_SQL_MODE */;
/*!40014 SET FOREIGN_KEY_CHECKS=@OLD_FOREIGN_KEY_CHECKS */;
/*!40014 SET UNIQUE_CHECKS=@OLD_UNIQUE_CHECKS */;
/*!40111 SET SQL_NOTES=@OLD_SQL_NOTES */;
